NomeDP,Tempo,Valor,Processado,Comentário
Freio_prony_ESP32_wifi_modbus - rotacao,2025/06/13 09:42:21,50.0,50.0,
Freio_prony_ESP32_wifi_modbus - rotacao,2025/06/13 09:42:24,0.0,0.0,
Freio_prony_ESP32_wifi_modbus - rotacao,2025/06/13 09:42:41,50.0,50.0,
Freio_prony_ESP32_wifi_modbus - rotacao,2025/06/13 09:42:44,0.0,0.0,
Freio_prony_ESP32_wifi_modbus - rotacao,2025/06/13 09:47:15,300.0,300.0,
Freio_prony_ESP32_wifi_modbus - rotacao,2025/06/13 09:47:16,550.0,550.0,
Freio_prony_ESP32_wifi_modbus - rotacao,2025/06/13 09:47:18,700.0,700.0,
Freio_prony_ESP32_wifi_modbus - rotacao,2025/06/13 09:47:19,650.0,650.0,
Freio_prony_ESP32_wifi_modbus - rotacao,2025/06/13 09:47:20,550.0,550.0,
Freio_prony_ESP32_wifi_modbus - rotacao,2025/06/13 09:47:21,400.0,400.0,
Freio_prony_ESP32_wifi_modbus - rotacao,2025/06/13 09:47:22,350.0,350.0,
Freio_prony_ESP32_wifi_modbus - rotacao,2025/06/13 09:47:25,450.0,450.0,
Freio_prony_ESP32_wifi_modbus - rotacao,2025/06/13 09:47:26,700.0,700.0,
Freio_prony_ESP32_wifi_modbus - rotacao,2025/06/13 09:47:28,1050.0,1050.0,
Freio_prony_ESP32_wifi_modbus - rotacao,2025/06/13 09:47:29,1350.0,1350.0,
Freio_prony_ESP32_wifi_modbus - rotacao,2025/06/13 09:47:30,1600.0,1600.0,
Freio_prony_ESP32_wifi_modbus - rotacao,2025/06/13 09:47:31,1900.0,1900.0,
Freio_prony_ESP32_wifi_modbus - rotacao,2025/06/13 09:47:32,1550.0,1550.0,
Freio_prony_ESP32_wifi_modbus - rotacao,2025/06/13 09:47:33,1500.0,1500.0,
Freio_prony_ESP32_wifi_modbus - rotacao,2025/06/13 09:47:35,1900.0,1900.0,
Freio_prony_ESP32_wifi_modbus - rotacao,2025/06/13 09:47:36,1800.0,1800.0,
Freio_prony_ESP32_wifi_modbus - rotacao,2025/06/13 09:47:38,1650.0,1650.0,
Freio_prony_ESP32_wifi_modbus - rotacao,2025/06/13 09:47:39,1450.0,1450.0,
Freio_prony_ESP32_wifi_modbus - rotacao,2025/06/13 09:47:40,1250.0,1250.0,
Freio_prony_ESP32_wifi_modbus - rotacao,2025/06/13 09:47:41,1100.0,1100.0,
Freio_prony_ESP32_wifi_modbus - rotacao,2025/06/13 09:47:42,1000.0,1000.0,
Freio_prony_ESP32_wifi_modbus - rotacao,2025/06/13 09:47:45,1050.0,1050.0,
Freio_prony_ESP32_wifi_modbus - rotacao,2025/06/13 09:47:48,1100.0,1100.0,
Freio_prony_ESP32_wifi_modbus - rotacao,2025/06/13 09:47:58,1150.0,1150.0,
Freio_prony_ESP32_wifi_modbus - rotacao,2025/06/13 09:48:00,1100.0,1100.0,
Freio_prony_ESP32_wifi_modbus - rotacao,2025/06/13 09:48:01,1150.0,1150.0,
Freio_prony_ESP32_wifi_modbus - rotacao,2025/06/13 09:48:06,1100.0,1100.0,
Freio_prony_ESP32_wifi_modbus - rotacao,2025/06/13 09:48:11,1150.0,1150.0,
Freio_prony_ESP32_wifi_modbus - rotacao,2025/06/13 09:48:13,1200.0,1200.0,
Freio_prony_ESP32_wifi_modbus - rotacao,2025/06/13 09:48:15,1250.0,1250.0,
Freio_prony_ESP32_wifi_modbus - rotacao,2025/06/13 09:48:19,1300.0,1300.0,
Freio_prony_ESP32_wifi_modbus - rotacao,2025/06/13 09:48:25,1350.0,1350.0,
Freio_prony_ESP32_wifi_modbus - rotacao,2025/06/13 09:48:31,1400.0,1400.0,
Freio_prony_ESP32_wifi_modbus - rotacao,2025/06/13 09:48:32,1350.0,1350.0,
Freio_prony_ESP32_wifi_modbus - rotacao,2025/06/13 09:48:33,1400.0,1400.0,
Freio_prony_ESP32_wifi_modbus - rotacao,2025/06/13 09:48:43,1450.0,1450.0,
Freio_prony_ESP32_wifi_modbus - rotacao,2025/06/13 09:49:15,1500.0,1500.0,
Freio_prony_ESP32_wifi_modbus - rotacao,2025/06/13 09:49:16,1450.0,1450.0,
Freio_prony_ESP32_wifi_modbus - rotacao,2025/06/13 09:49:18,1500.0,1500.0,
Freio_prony_ESP32_wifi_modbus - rotacao,2025/06/13 09:49:19,1450.0,1450.0,
Freio_prony_ESP32_wifi_modbus - rotacao,2025/06/13 09:49:20,1500.0,1500.0,
Freio_prony_ESP32_wifi_modbus - rotacao,2025/06/13 09:51:09,1450.0,1450.0,
Freio_prony_ESP32_wifi_modbus - rotacao,2025/06/13 09:51:10,1300.0,1300.0,
Freio_prony_ESP32_wifi_modbus - rotacao,2025/06/13 09:51:11,1100.0,1100.0,
Freio_prony_ESP32_wifi_modbus - rotacao,2025/06/13 09:51:12,950.0,950.0,
Freio_prony_ESP32_wifi_modbus - rotacao,2025/06/13 09:51:13,1050.0,1050.0,
Freio_prony_ESP32_wifi_modbus - rotacao,2025/06/13 09:51:14,1200.0,1200.0,
Freio_prony_ESP32_wifi_modbus - rotacao,2025/06/13 09:51:15,1400.0,1400.0,
Freio_prony_ESP32_wifi_modbus - rotacao,2025/06/13 09:51:16,1500.0,1500.0,
Freio_prony_ESP32_wifi_modbus - rotacao,2025/06/13 09:51:32,1450.0,1450.0,
Freio_prony_ESP32_wifi_modbus - rotacao,2025/06/13 09:51:52,1500.0,1500.0,
Freio_prony_ESP32_wifi_modbus - rotacao,2025/06/13 09:51:54,1450.0,1450.0,
Freio_prony_ESP32_wifi_modbus - rotacao,2025/06/13 09:51:56,1500.0,1500.0,
Freio_prony_ESP32_wifi_modbus - rotacao,2025/06/13 09:51:58,1450.0,1450.0,
Freio_prony_ESP32_wifi_modbus - rotacao,2025/06/13 09:52:00,1500.0,1500.0,
Freio_prony_ESP32_wifi_modbus - rotacao,2025/06/13 09:52:01,1450.0,1450.0,
Freio_prony_ESP32_wifi_modbus - rotacao,2025/06/13 09:52:02,1500.0,1500.0,
Freio_prony_ESP32_wifi_modbus - rotacao,2025/06/13 09:52:03,1450.0,1450.0,
Freio_prony_ESP32_wifi_modbus - rotacao,2025/06/13 09:52:13,1500.0,1500.0,
Freio_prony_ESP32_wifi_modbus - rotacao,2025/06/13 09:52:14,1450.0,1450.0,
Freio_prony_ESP32_wifi_modbus - rotacao,2025/06/13 09:52:23,1500.0,1500.0,
Freio_prony_ESP32_wifi_modbus - rotacao,2025/06/13 09:52:24,1450.0,1450.0,
Freio_prony_ESP32_wifi_modbus - rotacao,2025/06/13 09:52:25,1500.0,1500.0,
Freio_prony_ESP32_wifi_modbus - rotacao,2025/06/13 09:52:28,1450.0,1450.0,
Freio_prony_ESP32_wifi_modbus - rotacao,2025/06/13 09:52:29,1500.0,1500.0,
Freio_prony_ESP32_wifi_modbus - rotacao,2025/06/13 09:52:30,1450.0,1450.0,
Freio_prony_ESP32_wifi_modbus - rotacao,2025/06/13 09:52:33,1500.0,1500.0,
Freio_prony_ESP32_wifi_modbus - rotacao,2025/06/13 09:52:35,1450.0,1450.0,
Freio_prony_ESP32_wifi_modbus - rotacao,2025/06/13 09:52:39,1500.0,1500.0,
Freio_prony_ESP32_wifi_modbus - rotacao,2025/06/13 09:52:46,1450.0,1450.0,
Freio_prony_ESP32_wifi_modbus - rotacao,2025/06/13 09:52:48,1500.0,1500.0,
Freio_prony_ESP32_wifi_modbus - rotacao,2025/06/13 09:52:50,1450.0,1450.0,
Freio_prony_ESP32_wifi_modbus - rotacao,2025/06/13 09:52:51,1500.0,1500.0,
Freio_prony_ESP32_wifi_modbus - rotacao,2025/06/13 09:53:05,1450.0,1450.0,
Freio_prony_ESP32_wifi_modbus - rotacao,2025/06/13 09:53:06,1500.0,1500.0,
Freio_prony_ESP32_wifi_modbus - rotacao,2025/06/13 09:53:12,1450.0,1450.0,
Freio_prony_ESP32_wifi_modbus - rotacao,2025/06/13 09:53:13,1500.0,1500.0,
Freio_prony_ESP32_wifi_modbus - rotacao,2025/06/13 09:53:16,1450.0,1450.0,
Freio_prony_ESP32_wifi_modbus - rotacao,2025/06/13 09:53:18,1500.0,1500.0,
Freio_prony_ESP32_wifi_modbus - rotacao,2025/06/13 09:53:19,1450.0,1450.0,
Freio_prony_ESP32_wifi_modbus - rotacao,2025/06/13 09:53:20,1500.0,1500.0,
Freio_prony_ESP32_wifi_modbus - rotacao,2025/06/13 09:53:21,1450.0,1450.0,
Freio_prony_ESP32_wifi_modbus - rotacao,2025/06/13 09:53:23,1500.0,1500.0,
Freio_prony_ESP32_wifi_modbus - rotacao,2025/06/13 09:53:33,1450.0,1450.0,
Freio_prony_ESP32_wifi_modbus - rotacao,2025/06/13 09:54:40,1500.0,1500.0,
Freio_prony_ESP32_wifi_modbus - rotacao,2025/06/13 09:54:41,1450.0,1450.0,
Freio_prony_ESP32_wifi_modbus - rotacao,2025/06/13 09:54:46,1500.0,1500.0,
Freio_prony_ESP32_wifi_modbus - rotacao,2025/06/13 09:54:48,1450.0,1450.0,
Freio_prony_ESP32_wifi_modbus - rotacao,2025/06/13 09:54:56,1400.0,1400.0,
Freio_prony_ESP32_wifi_modbus - rotacao,2025/06/13 09:55:00,1350.0,1350.0,
Freio_prony_ESP32_wifi_modbus - rotacao,2025/06/13 09:55:02,1300.0,1300.0,
Freio_prony_ESP32_wifi_modbus - rotacao,2025/06/13 09:55:03,1250.0,1250.0,
Freio_prony_ESP32_wifi_modbus - rotacao,2025/06/13 09:55:04,1200.0,1200.0,
Freio_prony_ESP32_wifi_modbus - rotacao,2025/06/13 09:55:05,1150.0,1150.0,
Freio_prony_ESP32_wifi_modbus - rotacao,2025/06/13 09:55:06,1050.0,1050.0,
Freio_prony_ESP32_wifi_modbus - rotacao,2025/06/13 09:55:08,1000.0,1000.0,
Freio_prony_ESP32_wifi_modbus - rotacao,2025/06/13 09:55:09,950.0,950.0,
Freio_prony_ESP32_wifi_modbus - rotacao,2025/06/13 09:55:10,900.0,900.0,
Freio_prony_ESP32_wifi_modbus - rotacao,2025/06/13 09:55:11,850.0,850.0,
Freio_prony_ESP32_wifi_modbus - rotacao,2025/06/13 09:55:12,750.0,750.0,
Freio_prony_ESP32_wifi_modbus - rotacao,2025/06/13 09:55:13,700.0,700.0,
Freio_prony_ESP32_wifi_modbus - rotacao,2025/06/13 09:55:14,600.0,600.0,
Freio_prony_ESP32_wifi_modbus - rotacao,2025/06/13 09:55:15,500.0,500.0,
Freio_prony_ESP32_wifi_modbus - rotacao,2025/06/13 09:55:16,350.0,350.0,
Freio_prony_ESP32_wifi_modbus - rotacao,2025/06/13 09:55:18,250.0,250.0,
Freio_prony_ESP32_wifi_modbus - rotacao,2025/06/13 09:55:19,150.0,150.0,
Freio_prony_ESP32_wifi_modbus - rotacao,2025/06/13 09:55:20,50.0,50.0,
Freio_prony_ESP32_wifi_modbus - rotacao,2025/06/13 09:55:21,0.0,0.0,
Freio_prony_ESP32_wifi_modbus - rotacao,2025/06/13 09:55:23,700.0,700.0,
Freio_prony_ESP32_wifi_modbus - rotacao,2025/06/13 09:55:24,1550.0,1550.0,
Freio_prony_ESP32_wifi_modbus - rotacao,2025/06/13 09:55:25,1500.0,1500.0,
Freio_prony_ESP32_wifi_modbus - torque1,2025/06/13 09:40:49,59.80199999999604,"59,8",
Freio_prony_ESP32_wifi_modbus - torque1,2025/06/13 09:40:50,86.25499999999738,"86,25",
Freio_prony_ESP32_wifi_modbus - torque1,2025/06/13 09:40:51,59.80199999999604,"59,8",
Freio_prony_ESP32_wifi_modbus - torque1,2025/06/13 09:40:52,33.34900000000198,"33,35",
Freio_prony_ESP32_wifi_modbus - torque1,2025/06/13 09:40:53,-19.5570000000007,"-19,56",
Freio_prony_ESP32_wifi_modbus - torque1,2025/06/13 09:40:54,33.34900000000198,"33,35",
Freio_prony_ESP32_wifi_modbus - torque1,2025/06/13 09:40:55,59.80199999999604,"59,8",
Freio_prony_ESP32_wifi_modbus - torque1,2025/06/13 09:40:58,86.25499999999738,"86,25",
Freio_prony_ESP32_wifi_modbus - torque1,2025/06/13 09:40:59,59.80199999999604,"59,8",
Freio_prony_ESP32_wifi_modbus - torque1,2025/06/13 09:41:02,6.89600000000064,"6,9",
Freio_prony_ESP32_wifi_modbus - torque1,2025/06/13 09:41:03,-19.5570000000007,"-19,56",
Freio_prony_ESP32_wifi_modbus - torque1,2025/06/13 09:41:04,59.80199999999604,"59,8",
Freio_prony_ESP32_wifi_modbus - torque1,2025/06/13 09:41:08,6.89600000000064,"6,9",
Freio_prony_ESP32_wifi_modbus - torque1,2025/06/13 09:41:09,59.80199999999604,"59,8",
Freio_prony_ESP32_wifi_modbus - torque1,2025/06/13 09:41:11,33.34900000000198,"33,35",
Freio_prony_ESP32_wifi_modbus - torque1,2025/06/13 09:41:12,-72.46300000000338,"-72,46",
Freio_prony_ESP32_wifi_modbus - torque1,2025/06/13 09:41:13,59.80199999999604,"59,8",
Freio_prony_ESP32_wifi_modbus - torque1,2025/06/13 09:41:14,86.25499999999738,"86,25",
Freio_prony_ESP32_wifi_modbus - torque1,2025/06/13 09:41:17,-19.5570000000007,"-19,56",
Freio_prony_ESP32_wifi_modbus - torque1,2025/06/13 09:41:18,33.34900000000198,"33,35",
Freio_prony_ESP32_wifi_modbus - torque1,2025/06/13 09:41:20,6.89600000000064,"6,9",
Freio_prony_ESP32_wifi_modbus - torque1,2025/06/13 09:41:21,59.80199999999604,"59,8",
Freio_prony_ESP32_wifi_modbus - torque1,2025/06/13 09:41:22,86.25499999999738,"86,25",
Freio_prony_ESP32_wifi_modbus - torque1,2025/06/13 09:41:25,-19.5570000000007,"-19,56",
Freio_prony_ESP32_wifi_modbus - torque1,2025/06/13 09:41:27,59.80199999999604,"59,8",
Freio_prony_ESP32_wifi_modbus - torque1,2025/06/13 09:41:28,33.34900000000198,"33,35",
Freio_prony_ESP32_wifi_modbus - torque1,2025/06/13 09:41:29,59.80199999999604,"59,8",
Freio_prony_ESP32_wifi_modbus - torque1,2025/06/13 09:41:30,-19.5570000000007,"-19,56",
Freio_prony_ESP32_wifi_modbus - torque1,2025/06/13 09:41:31,33.34900000000198,"33,35",
Freio_prony_ESP32_wifi_modbus - torque1,2025/06/13 09:41:32,86.25499999999738,"86,25",
Freio_prony_ESP32_wifi_modbus - torque1,2025/06/13 09:41:34,6.89600000000064,"6,9",
Freio_prony_ESP32_wifi_modbus - torque1,2025/06/13 09:41:38,33.34900000000198,"33,35",
Freio_prony_ESP32_wifi_modbus - torque1,2025/06/13 09:41:39,86.25499999999738,"86,25",
Freio_prony_ESP32_wifi_modbus - torque1,2025/06/13 09:41:40,6.89600000000064,"6,9",
Freio_prony_ESP32_wifi_modbus - torque1,2025/06/13 09:41:41,59.80199999999604,"59,8",
Freio_prony_ESP32_wifi_modbus - torque1,2025/06/13 09:41:42,86.25499999999738,"86,25",
Freio_prony_ESP32_wifi_modbus - torque1,2025/06/13 09:41:43,59.80199999999604,"59,8",
Freio_prony_ESP32_wifi_modbus - torque1,2025/06/13 09:41:45,33.34900000000198,"33,35",
Freio_prony_ESP32_wifi_modbus - torque1,2025/06/13 09:41:48,59.80199999999604,"59,8",
Freio_prony_ESP32_wifi_modbus - torque1,2025/06/13 09:41:49,-19.5570000000007,"-19,56",
Freio_prony_ESP32_wifi_modbus - torque1,2025/06/13 09:41:50,86.25499999999738,"86,25",
Freio_prony_ESP32_wifi_modbus - torque1,2025/06/13 09:41:51,59.80199999999604,"59,8",
Freio_prony_ESP32_wifi_modbus - torque1,2025/06/13 09:41:53,33.34900000000198,"33,35",
Freio_prony_ESP32_wifi_modbus - torque1,2025/06/13 09:41:54,59.80199999999604,"59,8",
Freio_prony_ESP32_wifi_modbus - torque1,2025/06/13 09:41:55,33.34900000000198,"33,35",
Freio_prony_ESP32_wifi_modbus - torque1,2025/06/13 09:41:57,59.80199999999604,"59,8",
Freio_prony_ESP32_wifi_modbus - torque1,2025/06/13 09:41:58,6.89600000000064,"6,9",
Freio_prony_ESP32_wifi_modbus - torque1,2025/06/13 09:41:59,33.34900000000198,"33,35",
Freio_prony_ESP32_wifi_modbus - torque1,2025/06/13 09:42:00,59.80199999999604,"59,8",
Freio_prony_ESP32_wifi_modbus - torque1,2025/06/13 09:42:02,-19.5570000000007,"-19,56",
Freio_prony_ESP32_wifi_modbus - torque1,2025/06/13 09:42:03,33.34900000000198,"33,35",
Freio_prony_ESP32_wifi_modbus - torque1,2025/06/13 09:42:04,6.89600000000064,"6,9",
Freio_prony_ESP32_wifi_modbus - torque1,2025/06/13 09:42:05,59.80199999999604,"59,8",
Freio_prony_ESP32_wifi_modbus - torque1,2025/06/13 09:42:07,33.34900000000198,"33,35",
Freio_prony_ESP32_wifi_modbus - torque1,2025/06/13 09:42:08,59.80199999999604,"59,8",
Freio_prony_ESP32_wifi_modbus - torque1,2025/06/13 09:42:09,33.34900000000198,"33,35",
Freio_prony_ESP32_wifi_modbus - torque1,2025/06/13 09:42:10,59.80199999999604,"59,8",
Freio_prony_ESP32_wifi_modbus - torque1,2025/06/13 09:42:11,6.89600000000064,"6,9",
Freio_prony_ESP32_wifi_modbus - torque1,2025/06/13 09:42:13,-19.5570000000007,"-19,56",
Freio_prony_ESP32_wifi_modbus - torque1,2025/06/13 09:42:14,59.80199999999604,"59,8",
Freio_prony_ESP32_wifi_modbus - torque1,2025/06/13 09:42:17,86.25499999999738,"86,25",
Freio_prony_ESP32_wifi_modbus - torque1,2025/06/13 09:42:18,59.80199999999604,"59,8",
Freio_prony_ESP32_wifi_modbus - torque1,2025/06/13 09:42:19,33.34900000000198,"33,35",
Freio_prony_ESP32_wifi_modbus - torque1,2025/06/13 09:42:22,59.80199999999604,"59,8",
Freio_prony_ESP32_wifi_modbus - torque1,2025/06/13 09:42:25,-19.5570000000007,"-19,56",
Freio_prony_ESP32_wifi_modbus - torque1,2025/06/13 09:42:27,6.89600000000064,"6,9",
Freio_prony_ESP32_wifi_modbus - torque1,2025/06/13 09:42:28,33.34900000000198,"33,35",
Freio_prony_ESP32_wifi_modbus - torque1,2025/06/13 09:42:30,59.80199999999604,"59,8",
Freio_prony_ESP32_wifi_modbus - torque1,2025/06/13 09:42:32,33.34900000000198,"33,35",
Freio_prony_ESP32_wifi_modbus - torque1,2025/06/13 09:42:33,59.80199999999604,"59,8",
Freio_prony_ESP32_wifi_modbus - torque1,2025/06/13 09:42:34,-46.01000000000204,"-46,01",
Freio_prony_ESP32_wifi_modbus - torque1,2025/06/13 09:42:35,33.34900000000198,"33,35",
Freio_prony_ESP32_wifi_modbus - torque1,2025/06/13 09:42:37,59.80199999999604,"59,8",
Freio_prony_ESP32_wifi_modbus - torque1,2025/06/13 09:42:39,33.34900000000198,"33,35",
Freio_prony_ESP32_wifi_modbus - torque1,2025/06/13 09:42:40,59.80199999999604,"59,8",
Freio_prony_ESP32_wifi_modbus - torque1,2025/06/13 09:42:41,33.34900000000198,"33,35",
Freio_prony_ESP32_wifi_modbus - torque1,2025/06/13 09:42:43,59.80199999999604,"59,8",
Freio_prony_ESP32_wifi_modbus - torque1,2025/06/13 09:42:44,33.34900000000198,"33,35",
Freio_prony_ESP32_wifi_modbus - torque1,2025/06/13 09:42:47,6.89600000000064,"6,9",
Freio_prony_ESP32_wifi_modbus - torque1,2025/06/13 09:42:49,-19.5570000000007,"-19,56",
Freio_prony_ESP32_wifi_modbus - torque1,2025/06/13 09:42:50,33.34900000000198,"33,35",
Freio_prony_ESP32_wifi_modbus - torque1,2025/06/13 09:42:51,59.80199999999604,"59,8",
Freio_prony_ESP32_wifi_modbus - torque1,2025/06/13 09:42:53,33.34900000000198,"33,35",
Freio_prony_ESP32_wifi_modbus - torque1,2025/06/13 09:42:54,139.16100000000006,"139,16",
Freio_prony_ESP32_wifi_modbus - torque1,2025/06/13 09:42:55,33.34900000000198,"33,35",
Freio_prony_ESP32_wifi_modbus - torque1,2025/06/13 09:42:57,6.89600000000064,"6,9",
Freio_prony_ESP32_wifi_modbus - torque1,2025/06/13 09:42:58,-19.5570000000007,"-19,56",
Freio_prony_ESP32_wifi_modbus - torque1,2025/06/13 09:42:59,86.25499999999738,"86,25",
Freio_prony_ESP32_wifi_modbus - torque1,2025/06/13 09:43:00,165.6140000000014,"165,61",
Freio_prony_ESP32_wifi_modbus - torque1,2025/06/13 09:43:01,139.16100000000006,"139,16",
Freio_prony_ESP32_wifi_modbus - torque1,2025/06/13 09:43:03,112.70799999999872,"112,71",
Freio_prony_ESP32_wifi_modbus - torque1,2025/06/13 09:43:04,6.89600000000064,"6,9",
Freio_prony_ESP32_wifi_modbus - torque1,2025/06/13 09:43:05,33.34900000000198,"33,35",
Freio_prony_ESP32_wifi_modbus - torque1,2025/06/13 09:43:07,-98.91600000000471,"-98,92",
Freio_prony_ESP32_wifi_modbus - torque1,2025/06/13 09:43:08,33.34900000000198,"33,35",
Freio_prony_ESP32_wifi_modbus - torque1,2025/06/13 09:43:09,6.89600000000064,"6,9",
Freio_prony_ESP32_wifi_modbus - torque1,2025/06/13 09:43:10,-19.5570000000007,"-19,56",
Freio_prony_ESP32_wifi_modbus - torque1,2025/06/13 09:43:11,-72.46300000000338,"-72,46",
Freio_prony_ESP32_wifi_modbus - torque1,2025/06/13 09:43:12,33.34900000000198,"33,35",
Freio_prony_ESP32_wifi_modbus - torque1,2025/06/13 09:43:14,59.80199999999604,"59,8",
Freio_prony_ESP32_wifi_modbus - torque1,2025/06/13 09:43:15,-46.01000000000204,"-46,01",
Freio_prony_ESP32_wifi_modbus - torque1,2025/06/13 09:43:17,33.34900000000198,"33,35",
Freio_prony_ESP32_wifi_modbus - torque1,2025/06/13 09:43:18,59.80199999999604,"59,8",
Freio_prony_ESP32_wifi_modbus - torque1,2025/06/13 09:43:20,6.89600000000064,"6,9",
Freio_prony_ESP32_wifi_modbus - torque1,2025/06/13 09:43:21,-46.01000000000204,"-46,01",
Freio_prony_ESP32_wifi_modbus - torque1,2025/06/13 09:43:22,86.25499999999738,"86,25",
Freio_prony_ESP32_wifi_modbus - torque1,2025/06/13 09:43:23,59.80199999999604,"59,8",
Freio_prony_ESP32_wifi_modbus - torque1,2025/06/13 09:43:24,33.34900000000198,"33,35",
Freio_prony_ESP32_wifi_modbus - torque1,2025/06/13 09:43:25,6.89600000000064,"6,9",
Freio_prony_ESP32_wifi_modbus - torque1,2025/06/13 09:43:28,-19.5570000000007,"-19,56",
Freio_prony_ESP32_wifi_modbus - torque1,2025/06/13 09:43:29,59.80199999999604,"59,8",
Freio_prony_ESP32_wifi_modbus - torque1,2025/06/13 09:43:30,112.70799999999872,"112,71",
Freio_prony_ESP32_wifi_modbus - torque1,2025/06/13 09:43:31,192.06699999999546,"192,07",
Freio_prony_ESP32_wifi_modbus - torque1,2025/06/13 09:43:32,218.5199999999968,"218,52",
Freio_prony_ESP32_wifi_modbus - torque1,2025/06/13 09:43:34,139.16100000000006,"139,16",
Freio_prony_ESP32_wifi_modbus - torque1,2025/06/13 09:43:35,588.862000000001,"588,86",
Freio_prony_ESP32_wifi_modbus - torque1,2025/06/13 09:43:37,-46.01000000000204,"-46,01",
Freio_prony_ESP32_wifi_modbus - torque1,2025/06/13 09:43:38,33.34900000000198,"33,35",
Freio_prony_ESP32_wifi_modbus - torque1,2025/06/13 09:43:39,-19.5570000000007,"-19,56",
Freio_prony_ESP32_wifi_modbus - torque1,2025/06/13 09:43:40,33.34900000000198,"33,35",
Freio_prony_ESP32_wifi_modbus - torque1,2025/06/13 09:43:41,86.25499999999738,"86,25",
Freio_prony_ESP32_wifi_modbus - torque1,2025/06/13 09:43:42,6.89600000000064,"6,9",
Freio_prony_ESP32_wifi_modbus - torque1,2025/06/13 09:43:43,-19.5570000000007,"-19,56",
Freio_prony_ESP32_wifi_modbus - torque1,2025/06/13 09:43:44,33.34900000000198,"33,35",
Freio_prony_ESP32_wifi_modbus - torque1,2025/06/13 09:43:46,6.89600000000064,"6,9",
Freio_prony_ESP32_wifi_modbus - torque1,2025/06/13 09:43:47,-46.01000000000204,"-46,01",
Freio_prony_ESP32_wifi_modbus - torque1,2025/06/13 09:43:49,33.34900000000198,"33,35",
Freio_prony_ESP32_wifi_modbus - torque1,2025/06/13 09:43:50,59.80199999999604,"59,8",
Freio_prony_ESP32_wifi_modbus - torque1,2025/06/13 09:43:51,6.89600000000064,"6,9",
Freio_prony_ESP32_wifi_modbus - torque1,2025/06/13 09:43:52,33.34900000000198,"33,35",
Freio_prony_ESP32_wifi_modbus - torque1,2025/06/13 09:43:55,59.80199999999604,"59,8",
Freio_prony_ESP32_wifi_modbus - torque1,2025/06/13 09:43:57,33.34900000000198,"33,35",
Freio_prony_ESP32_wifi_modbus - torque1,2025/06/13 09:44:00,59.80199999999604,"59,8",
Freio_prony_ESP32_wifi_modbus - torque1,2025/06/13 09:44:01,33.34900000000198,"33,35",
Freio_prony_ESP32_wifi_modbus - torque1,2025/06/13 09:44:04,112.70799999999872,"112,71",
Freio_prony_ESP32_wifi_modbus - torque1,2025/06/13 09:44:05,165.6140000000014,"165,61",
Freio_prony_ESP32_wifi_modbus - torque1,2025/06/13 09:44:08,59.80199999999604,"59,8",
Freio_prony_ESP32_wifi_modbus - torque1,2025/06/13 09:44:09,112.70799999999872,"112,71",
Freio_prony_ESP32_wifi_modbus - torque1,2025/06/13 09:44:10,59.80199999999604,"59,8",
Freio_prony_ESP32_wifi_modbus - torque1,2025/06/13 09:44:11,33.34900000000198,"33,35",
Freio_prony_ESP32_wifi_modbus - torque1,2025/06/13 09:44:13,112.70799999999872,"112,71",
Freio_prony_ESP32_wifi_modbus - torque1,2025/06/13 09:44:14,165.6140000000014,"165,61",
Freio_prony_ESP32_wifi_modbus - torque1,2025/06/13 09:44:15,6.89600000000064,"6,9",
Freio_prony_ESP32_wifi_modbus - torque1,2025/06/13 09:44:18,59.80199999999604,"59,8",
Freio_prony_ESP32_wifi_modbus - torque1,2025/06/13 09:44:22,86.25499999999738,"86,25",
Freio_prony_ESP32_wifi_modbus - torque1,2025/06/13 09:44:23,33.34900000000198,"33,35",
Freio_prony_ESP32_wifi_modbus - torque1,2025/06/13 09:44:24,6.89600000000064,"6,9",
Freio_prony_ESP32_wifi_modbus - torque1,2025/06/13 09:44:26,59.80199999999604,"59,8",
Freio_prony_ESP32_wifi_modbus - torque1,2025/06/13 09:44:27,-19.5570000000007,"-19,56",
Freio_prony_ESP32_wifi_modbus - torque1,2025/06/13 09:44:28,6.89600000000064,"6,9",
Freio_prony_ESP32_wifi_modbus - torque1,2025/06/13 09:44:30,33.34900000000198,"33,35",
Freio_prony_ESP32_wifi_modbus - torque1,2025/06/13 09:44:31,59.80199999999604,"59,8",
Freio_prony_ESP32_wifi_modbus - torque1,2025/06/13 09:44:32,33.34900000000198,"33,35",
Freio_prony_ESP32_wifi_modbus - torque1,2025/06/13 09:44:34,6.89600000000064,"6,9",
Freio_prony_ESP32_wifi_modbus - torque1,2025/06/13 09:44:40,-19.5570000000007,"-19,56",
Freio_prony_ESP32_wifi_modbus - torque1,2025/06/13 09:44:41,6.89600000000064,"6,9",
Freio_prony_ESP32_wifi_modbus - torque1,2025/06/13 09:44:43,33.34900000000198,"33,35",
Freio_prony_ESP32_wifi_modbus - torque1,2025/06/13 09:44:44,6.89600000000064,"6,9",
Freio_prony_ESP32_wifi_modbus - torque1,2025/06/13 09:44:50,59.80199999999604,"59,8",
Freio_prony_ESP32_wifi_modbus - torque1,2025/06/13 09:44:51,33.34900000000198,"33,35",
Freio_prony_ESP32_wifi_modbus - torque1,2025/06/13 09:44:53,6.89600000000064,"6,9",
Freio_prony_ESP32_wifi_modbus - torque1,2025/06/13 09:44:54,33.34900000000198,"33,35",
Freio_prony_ESP32_wifi_modbus - torque1,2025/06/13 09:44:55,6.89600000000064,"6,9",
Freio_prony_ESP32_wifi_modbus - torque1,2025/06/13 09:44:56,-46.01000000000204,"-46,01",
Freio_prony_ESP32_wifi_modbus - torque1,2025/06/13 09:44:58,-19.5570000000007,"-19,56",
Freio_prony_ESP32_wifi_modbus - torque1,2025/06/13 09:44:59,33.34900000000198,"33,35",
Freio_prony_ESP32_wifi_modbus - torque1,2025/06/13 09:45:01,59.80199999999604,"59,8",
Freio_prony_ESP32_wifi_modbus - torque1,2025/06/13 09:45:02,-19.5570000000007,"-19,56",
Freio_prony_ESP32_wifi_modbus - torque1,2025/06/13 09:45:03,33.34900000000198,"33,35",
Freio_prony_ESP32_wifi_modbus - torque1,2025/06/13 09:45:05,-72.46300000000338,"-72,46",
Freio_prony_ESP32_wifi_modbus - torque1,2025/06/13 09:45:06,6.89600000000064,"6,9",
Freio_prony_ESP32_wifi_modbus - torque1,2025/06/13 09:45:07,-19.5570000000007,"-19,56",
Freio_prony_ESP32_wifi_modbus - torque1,2025/06/13 09:45:09,-46.01000000000204,"-46,01",
Freio_prony_ESP32_wifi_modbus - torque1,2025/06/13 09:45:10,6.89600000000064,"6,9",
Freio_prony_ESP32_wifi_modbus - torque1,2025/06/13 09:45:12,33.34900000000198,"33,35",
Freio_prony_ESP32_wifi_modbus - torque1,2025/06/13 09:45:13,6.89600000000064,"6,9",
Freio_prony_ESP32_wifi_modbus - torque1,2025/06/13 09:45:16,-72.46300000000338,"-72,46",
Freio_prony_ESP32_wifi_modbus - torque1,2025/06/13 09:45:18,6.89600000000064,"6,9",
Freio_prony_ESP32_wifi_modbus - torque1,2025/06/13 09:45:20,33.34900000000198,"33,35",
Freio_prony_ESP32_wifi_modbus - torque1,2025/06/13 09:45:21,6.89600000000064,"6,9",
Freio_prony_ESP32_wifi_modbus - torque1,2025/06/13 09:45:22,59.80199999999604,"59,8",
Freio_prony_ESP32_wifi_modbus - torque1,2025/06/13 09:45:25,6.89600000000064,"6,9",
Freio_prony_ESP32_wifi_modbus - torque1,2025/06/13 09:45:26,33.34900000000198,"33,35",
Freio_prony_ESP32_wifi_modbus - torque1,2025/06/13 09:45:28,-46.01000000000204,"-46,01",
Freio_prony_ESP32_wifi_modbus - torque1,2025/06/13 09:45:29,6.89600000000064,"6,9",
Freio_prony_ESP32_wifi_modbus - torque1,2025/06/13 09:45:31,33.34900000000198,"33,35",
Freio_prony_ESP32_wifi_modbus - torque1,2025/06/13 09:45:32,6.89600000000064,"6,9",
Freio_prony_ESP32_wifi_modbus - torque1,2025/06/13 09:45:33,59.80199999999604,"59,8",
Freio_prony_ESP32_wifi_modbus - torque1,2025/06/13 09:45:34,6.89600000000064,"6,9",
Freio_prony_ESP32_wifi_modbus - torque1,2025/06/13 09:45:35,33.34900000000198,"33,35",
Freio_prony_ESP32_wifi_modbus - torque1,2025/06/13 09:45:38,59.80199999999604,"59,8",
Freio_prony_ESP32_wifi_modbus - torque1,2025/06/13 09:45:39,33.34900000000198,"33,35",
Freio_prony_ESP32_wifi_modbus - torque1,2025/06/13 09:45:40,-46.01000000000204,"-46,01",
Freio_prony_ESP32_wifi_modbus - torque1,2025/06/13 09:45:41,6.89600000000064,"6,9",
Freio_prony_ESP32_wifi_modbus - torque1,2025/06/13 09:45:43,-72.46300000000338,"-72,46",
Freio_prony_ESP32_wifi_modbus - torque1,2025/06/13 09:45:44,33.34900000000198,"33,35",
Freio_prony_ESP32_wifi_modbus - torque1,2025/06/13 09:45:45,6.89600000000064,"6,9",
Freio_prony_ESP32_wifi_modbus - torque1,2025/06/13 09:45:49,33.34900000000198,"33,35",
Freio_prony_ESP32_wifi_modbus - torque1,2025/06/13 09:45:50,59.80199999999604,"59,8",
Freio_prony_ESP32_wifi_modbus - torque1,2025/06/13 09:45:51,33.34900000000198,"33,35",
Freio_prony_ESP32_wifi_modbus - torque1,2025/06/13 09:45:52,-46.01000000000204,"-46,01",
Freio_prony_ESP32_wifi_modbus - torque1,2025/06/13 09:45:53,33.34900000000198,"33,35",
Freio_prony_ESP32_wifi_modbus - torque1,2025/06/13 09:45:56,-19.5570000000007,"-19,56",
Freio_prony_ESP32_wifi_modbus - torque1,2025/06/13 09:45:59,33.34900000000198,"33,35",
Freio_prony_ESP32_wifi_modbus - torque1,2025/06/13 09:46:02,-19.5570000000007,"-19,56",
Freio_prony_ESP32_wifi_modbus - torque1,2025/06/13 09:46:03,33.34900000000198,"33,35",
Freio_prony_ESP32_wifi_modbus - torque1,2025/06/13 09:46:04,6.89600000000064,"6,9",
Freio_prony_ESP32_wifi_modbus - torque1,2025/06/13 09:46:05,86.25499999999738,"86,25",
Freio_prony_ESP32_wifi_modbus - torque1,2025/06/13 09:46:06,33.34900000000198,"33,35",
Freio_prony_ESP32_wifi_modbus - torque1,2025/06/13 09:46:08,59.80199999999604,"59,8",
Freio_prony_ESP32_wifi_modbus - torque1,2025/06/13 09:46:09,33.34900000000198,"33,35",
Freio_prony_ESP32_wifi_modbus - torque1,2025/06/13 09:46:11,6.89600000000064,"6,9",
Freio_prony_ESP32_wifi_modbus - torque1,2025/06/13 09:46:12,112.70799999999872,"112,71",
Freio_prony_ESP32_wifi_modbus - torque1,2025/06/13 09:46:13,33.34900000000198,"33,35",
Freio_prony_ESP32_wifi_modbus - torque1,2025/06/13 09:46:15,6.89600000000064,"6,9",
Freio_prony_ESP32_wifi_modbus - torque1,2025/06/13 09:46:18,59.80199999999604,"59,8",
Freio_prony_ESP32_wifi_modbus - torque1,2025/06/13 09:46:19,33.34900000000198,"33,35",
Freio_prony_ESP32_wifi_modbus - torque1,2025/06/13 09:46:20,6.89600000000064,"6,9",
Freio_prony_ESP32_wifi_modbus - torque1,2025/06/13 09:46:21,33.34900000000198,"33,35",
Freio_prony_ESP32_wifi_modbus - torque1,2025/06/13 09:46:24,6.89600000000064,"6,9",
Freio_prony_ESP32_wifi_modbus - torque1,2025/06/13 09:46:25,59.80199999999604,"59,8",
Freio_prony_ESP32_wifi_modbus - torque1,2025/06/13 09:46:26,33.34900000000198,"33,35",
Freio_prony_ESP32_wifi_modbus - torque1,2025/06/13 09:46:28,59.80199999999604,"59,8",
Freio_prony_ESP32_wifi_modbus - torque1,2025/06/13 09:46:29,244.97299999999814,"244,97",
Freio_prony_ESP32_wifi_modbus - torque1,2025/06/13 09:46:30,165.6140000000014,"165,61",
Freio_prony_ESP32_wifi_modbus - torque1,2025/06/13 09:46:31,6.89600000000064,"6,9",
Freio_prony_ESP32_wifi_modbus - torque1,2025/06/13 09:46:32,139.16100000000006,"139,16",
Freio_prony_ESP32_wifi_modbus - torque1,2025/06/13 09:46:33,33.34900000000198,"33,35",
Freio_prony_ESP32_wifi_modbus - torque1,2025/06/13 09:46:34,6.89600000000064,"6,9",
Freio_prony_ESP32_wifi_modbus - torque1,2025/06/13 09:46:36,33.34900000000198,"33,35",
Freio_prony_ESP32_wifi_modbus - torque1,2025/06/13 09:46:38,6.89600000000064,"6,9",
Freio_prony_ESP32_wifi_modbus - torque1,2025/06/13 09:46:40,33.34900000000198,"33,35",
Freio_prony_ESP32_wifi_modbus - torque1,2025/06/13 09:46:42,86.25499999999738,"86,25",
Freio_prony_ESP32_wifi_modbus - torque1,2025/06/13 09:46:43,-19.5570000000007,"-19,56",
Freio_prony_ESP32_wifi_modbus - torque1,2025/06/13 09:46:44,33.34900000000198,"33,35",
Freio_prony_ESP32_wifi_modbus - torque1,2025/06/13 09:46:45,-19.5570000000007,"-19,56",
Freio_prony_ESP32_wifi_modbus - torque1,2025/06/13 09:46:46,6.89600000000064,"6,9",
Freio_prony_ESP32_wifi_modbus - torque1,2025/06/13 09:46:50,33.34900000000198,"33,35",
Freio_prony_ESP32_wifi_modbus - torque1,2025/06/13 09:46:52,-46.01000000000204,"-46,01",
Freio_prony_ESP32_wifi_modbus - torque1,2025/06/13 09:46:53,33.34900000000198,"33,35",
Freio_prony_ESP32_wifi_modbus - torque1,2025/06/13 09:46:55,-19.5570000000007,"-19,56",
Freio_prony_ESP32_wifi_modbus - torque1,2025/06/13 09:46:58,6.89600000000064,"6,9",
Freio_prony_ESP32_wifi_modbus - torque1,2025/06/13 09:47:00,33.34900000000198,"33,35",
Freio_prony_ESP32_wifi_modbus - torque1,2025/06/13 09:47:01,-46.01000000000204,"-46,01",
Freio_prony_ESP32_wifi_modbus - torque1,2025/06/13 09:47:02,6.89600000000064,"6,9",
Freio_prony_ESP32_wifi_modbus - torque1,2025/06/13 09:47:03,-19.5570000000007,"-19,56",
Freio_prony_ESP32_wifi_modbus - torque1,2025/06/13 09:47:04,59.80199999999604,"59,8",
Freio_prony_ESP32_wifi_modbus - torque1,2025/06/13 09:47:05,33.34900000000198,"33,35",
Freio_prony_ESP32_wifi_modbus - torque1,2025/06/13 09:47:06,-19.5570000000007,"-19,56",
Freio_prony_ESP32_wifi_modbus - torque1,2025/06/13 09:47:08,6.89600000000064,"6,9",
Freio_prony_ESP32_wifi_modbus - torque1,2025/06/13 09:47:09,33.34900000000198,"33,35",
Freio_prony_ESP32_wifi_modbus - torque1,2025/06/13 09:47:11,-19.5570000000007,"-19,56",
Freio_prony_ESP32_wifi_modbus - torque1,2025/06/13 09:47:12,33.34900000000198,"33,35",
Freio_prony_ESP32_wifi_modbus - torque1,2025/06/13 09:47:13,6.89600000000064,"6,9",
Freio_prony_ESP32_wifi_modbus - torque1,2025/06/13 09:47:15,33.34900000000198,"33,35",
Freio_prony_ESP32_wifi_modbus - torque1,2025/06/13 09:47:16,86.25499999999738,"86,25",
Freio_prony_ESP32_wifi_modbus - torque1,2025/06/13 09:47:18,112.70799999999872,"112,71",
Freio_prony_ESP32_wifi_modbus - torque1,2025/06/13 09:47:20,86.25499999999738,"86,25",
Freio_prony_ESP32_wifi_modbus - torque1,2025/06/13 09:47:21,139.16100000000006,"139,16",
Freio_prony_ESP32_wifi_modbus - torque1,2025/06/13 09:47:22,112.70799999999872,"112,71",
Freio_prony_ESP32_wifi_modbus - torque1,2025/06/13 09:47:23,86.25499999999738,"86,25",
Freio_prony_ESP32_wifi_modbus - torque1,2025/06/13 09:47:24,59.80199999999604,"59,8",
Freio_prony_ESP32_wifi_modbus - torque1,2025/06/13 09:47:25,139.16100000000006,"139,16",
Freio_prony_ESP32_wifi_modbus - torque1,2025/06/13 09:47:26,86.25499999999738,"86,25",
Freio_prony_ESP32_wifi_modbus - torque1,2025/06/13 09:47:28,112.70799999999872,"112,71",
Freio_prony_ESP32_wifi_modbus - torque1,2025/06/13 09:47:29,86.25499999999738,"86,25",
Freio_prony_ESP32_wifi_modbus - torque1,2025/06/13 09:47:30,112.70799999999872,"112,71",
Freio_prony_ESP32_wifi_modbus - torque1,2025/06/13 09:47:31,86.25499999999738,"86,25",
Freio_prony_ESP32_wifi_modbus - torque1,2025/06/13 09:47:32,112.70799999999872,"112,71",
Freio_prony_ESP32_wifi_modbus - torque1,2025/06/13 09:47:33,59.80199999999604,"59,8",
Freio_prony_ESP32_wifi_modbus - torque1,2025/06/13 09:47:34,86.25499999999738,"86,25",
Freio_prony_ESP32_wifi_modbus - torque1,2025/06/13 09:47:36,112.70799999999872,"112,71",
Freio_prony_ESP32_wifi_modbus - torque1,2025/06/13 09:47:38,59.80199999999604,"59,8",
Freio_prony_ESP32_wifi_modbus - torque1,2025/06/13 09:47:39,112.70799999999872,"112,71",
Freio_prony_ESP32_wifi_modbus - torque1,2025/06/13 09:47:40,59.80199999999604,"59,8",
Freio_prony_ESP32_wifi_modbus - torque1,2025/06/13 09:47:42,86.25499999999738,"86,25",
Freio_prony_ESP32_wifi_modbus - torque1,2025/06/13 09:47:43,112.70799999999872,"112,71",
Freio_prony_ESP32_wifi_modbus - torque1,2025/06/13 09:47:44,86.25499999999738,"86,25",
Freio_prony_ESP32_wifi_modbus - torque1,2025/06/13 09:47:45,59.80199999999604,"59,8",
Freio_prony_ESP32_wifi_modbus - torque1,2025/06/13 09:47:48,86.25499999999738,"86,25",
Freio_prony_ESP32_wifi_modbus - torque1,2025/06/13 09:47:49,112.70799999999872,"112,71",
Freio_prony_ESP32_wifi_modbus - torque1,2025/06/13 09:47:51,86.25499999999738,"86,25",
Freio_prony_ESP32_wifi_modbus - torque1,2025/06/13 09:47:52,59.80199999999604,"59,8",
Freio_prony_ESP32_wifi_modbus - torque1,2025/06/13 09:47:53,86.25499999999738,"86,25",
Freio_prony_ESP32_wifi_modbus - torque1,2025/06/13 09:47:54,59.80199999999604,"59,8",
Freio_prony_ESP32_wifi_modbus - torque1,2025/06/13 09:47:55,112.70799999999872,"112,71",
Freio_prony_ESP32_wifi_modbus - torque1,2025/06/13 09:47:56,59.80199999999604,"59,8",
Freio_prony_ESP32_wifi_modbus - torque1,2025/06/13 09:47:58,112.70799999999872,"112,71",
Freio_prony_ESP32_wifi_modbus - torque1,2025/06/13 09:47:59,139.16100000000006,"139,16",
Freio_prony_ESP32_wifi_modbus - torque1,2025/06/13 09:48:01,112.70799999999872,"112,71",
Freio_prony_ESP32_wifi_modbus - torque1,2025/06/13 09:48:03,139.16100000000006,"139,16",
Freio_prony_ESP32_wifi_modbus - torque1,2025/06/13 09:48:04,86.25499999999738,"86,25",
Freio_prony_ESP32_wifi_modbus - torque1,2025/06/13 09:48:05,6.89600000000064,"6,9",
Freio_prony_ESP32_wifi_modbus - torque1,2025/06/13 09:48:06,112.70799999999872,"112,71",
Freio_prony_ESP32_wifi_modbus - torque1,2025/06/13 09:48:08,139.16100000000006,"139,16",
Freio_prony_ESP32_wifi_modbus - torque1,2025/06/13 09:48:09,112.70799999999872,"112,71",
Freio_prony_ESP32_wifi_modbus - torque1,2025/06/13 09:48:10,59.80199999999604,"59,8",
Freio_prony_ESP32_wifi_modbus - torque1,2025/06/13 09:48:11,139.16100000000006,"139,16",
Freio_prony_ESP32_wifi_modbus - torque1,2025/06/13 09:48:14,112.70799999999872,"112,71",
Freio_prony_ESP32_wifi_modbus - torque1,2025/06/13 09:48:16,139.16100000000006,"139,16",
Freio_prony_ESP32_wifi_modbus - torque1,2025/06/13 09:48:19,112.70799999999872,"112,71",
Freio_prony_ESP32_wifi_modbus - torque1,2025/06/13 09:48:20,86.25499999999738,"86,25",
Freio_prony_ESP32_wifi_modbus - torque1,2025/06/13 09:48:21,112.70799999999872,"112,71",
Freio_prony_ESP32_wifi_modbus - torque1,2025/06/13 09:48:22,139.16100000000006,"139,16",
Freio_prony_ESP32_wifi_modbus - torque1,2025/06/13 09:48:23,86.25499999999738,"86,25",
Freio_prony_ESP32_wifi_modbus - torque1,2025/06/13 09:48:24,59.80199999999604,"59,8",
Freio_prony_ESP32_wifi_modbus - torque1,2025/06/13 09:48:25,139.16100000000006,"139,16",
Freio_prony_ESP32_wifi_modbus - torque1,2025/06/13 09:48:26,112.70799999999872,"112,71",
Freio_prony_ESP32_wifi_modbus - torque1,2025/06/13 09:48:28,86.25499999999738,"86,25",
Freio_prony_ESP32_wifi_modbus - torque1,2025/06/13 09:48:29,59.80199999999604,"59,8",
Freio_prony_ESP32_wifi_modbus - torque1,2025/06/13 09:48:30,112.70799999999872,"112,71",
Freio_prony_ESP32_wifi_modbus - torque1,2025/06/13 09:48:32,139.16100000000006,"139,16",
Freio_prony_ESP32_wifi_modbus - torque1,2025/06/13 09:48:33,59.80199999999604,"59,8",
Freio_prony_ESP32_wifi_modbus - torque1,2025/06/13 09:48:34,86.25499999999738,"86,25",
Freio_prony_ESP32_wifi_modbus - torque1,2025/06/13 09:48:35,59.80199999999604,"59,8",
Freio_prony_ESP32_wifi_modbus - torque1,2025/06/13 09:48:36,86.25499999999738,"86,25",
Freio_prony_ESP32_wifi_modbus - torque1,2025/06/13 09:48:39,112.70799999999872,"112,71",
Freio_prony_ESP32_wifi_modbus - torque1,2025/06/13 09:48:40,139.16100000000006,"139,16",
Freio_prony_ESP32_wifi_modbus - torque1,2025/06/13 09:48:41,112.70799999999872,"112,71",
Freio_prony_ESP32_wifi_modbus - torque1,2025/06/13 09:48:42,33.34900000000198,"33,35",
Freio_prony_ESP32_wifi_modbus - torque1,2025/06/13 09:48:43,112.70799999999872,"112,71",
Freio_prony_ESP32_wifi_modbus - torque1,2025/06/13 09:48:46,59.80199999999604,"59,8",
Freio_prony_ESP32_wifi_modbus - torque1,2025/06/13 09:48:48,165.6140000000014,"165,61",
Freio_prony_ESP32_wifi_modbus - torque1,2025/06/13 09:48:50,139.16100000000006,"139,16",
Freio_prony_ESP32_wifi_modbus - torque1,2025/06/13 09:48:51,33.34900000000198,"33,35",
Freio_prony_ESP32_wifi_modbus - torque1,2025/06/13 09:48:52,112.70799999999872,"112,71",
Freio_prony_ESP32_wifi_modbus - torque1,2025/06/13 09:48:53,86.25499999999738,"86,25",
Freio_prony_ESP32_wifi_modbus - torque1,2025/06/13 09:48:55,112.70799999999872,"112,71",
Freio_prony_ESP32_wifi_modbus - torque1,2025/06/13 09:48:56,86.25499999999738,"86,25",
Freio_prony_ESP32_wifi_modbus - torque1,2025/06/13 09:48:58,139.16100000000006,"139,16",
Freio_prony_ESP32_wifi_modbus - torque1,2025/06/13 09:48:59,86.25499999999738,"86,25",
Freio_prony_ESP32_wifi_modbus - torque1,2025/06/13 09:49:00,112.70799999999872,"112,71",
Freio_prony_ESP32_wifi_modbus - torque1,2025/06/13 09:49:01,59.80199999999604,"59,8",
Freio_prony_ESP32_wifi_modbus - torque1,2025/06/13 09:49:02,112.70799999999872,"112,71",
Freio_prony_ESP32_wifi_modbus - torque1,2025/06/13 09:49:03,139.16100000000006,"139,16",
Freio_prony_ESP32_wifi_modbus - torque1,2025/06/13 09:49:04,59.80199999999604,"59,8",
Freio_prony_ESP32_wifi_modbus - torque1,2025/06/13 09:49:05,112.70799999999872,"112,71",
Freio_prony_ESP32_wifi_modbus - torque1,2025/06/13 09:49:08,86.25499999999738,"86,25",
Freio_prony_ESP32_wifi_modbus - torque1,2025/06/13 09:49:10,6.89600000000064,"6,9",
Freio_prony_ESP32_wifi_modbus - torque1,2025/06/13 09:49:11,112.70799999999872,"112,71",
Freio_prony_ESP32_wifi_modbus - torque1,2025/06/13 09:49:12,139.16100000000006,"139,16",
Freio_prony_ESP32_wifi_modbus - torque1,2025/06/13 09:49:13,165.6140000000014,"165,61",
Freio_prony_ESP32_wifi_modbus - torque1,2025/06/13 09:49:14,59.80199999999604,"59,8",
Freio_prony_ESP32_wifi_modbus - torque1,2025/06/13 09:49:15,112.70799999999872,"112,71",
Freio_prony_ESP32_wifi_modbus - torque1,2025/06/13 09:49:16,139.16100000000006,"139,16",
Freio_prony_ESP32_wifi_modbus - torque1,2025/06/13 09:49:18,112.70799999999872,"112,71",
Freio_prony_ESP32_wifi_modbus - torque1,2025/06/13 09:49:19,59.80199999999604,"59,8",
Freio_prony_ESP32_wifi_modbus - torque1,2025/06/13 09:49:20,139.16100000000006,"139,16",
Freio_prony_ESP32_wifi_modbus - torque1,2025/06/13 09:49:21,86.25499999999738,"86,25",
Freio_prony_ESP32_wifi_modbus - torque1,2025/06/13 09:49:22,165.6140000000014,"165,61",
Freio_prony_ESP32_wifi_modbus - torque1,2025/06/13 09:49:23,33.34900000000198,"33,35",
Freio_prony_ESP32_wifi_modbus - torque1,2025/06/13 09:49:24,112.70799999999872,"112,71",
Freio_prony_ESP32_wifi_modbus - torque1,2025/06/13 09:49:25,86.25499999999738,"86,25",
Freio_prony_ESP32_wifi_modbus - torque1,2025/06/13 09:49:26,139.16100000000006,"139,16",
Freio_prony_ESP32_wifi_modbus - torque1,2025/06/13 09:49:28,33.34900000000198,"33,35",
Freio_prony_ESP32_wifi_modbus - torque1,2025/06/13 09:49:29,139.16100000000006,"139,16",
Freio_prony_ESP32_wifi_modbus - torque1,2025/06/13 09:49:30,112.70799999999872,"112,71",
Freio_prony_ESP32_wifi_modbus - torque1,2025/06/13 09:49:33,86.25499999999738,"86,25",
Freio_prony_ESP32_wifi_modbus - torque1,2025/06/13 09:49:35,112.70799999999872,"112,71",
Freio_prony_ESP32_wifi_modbus - torque1,2025/06/13 09:49:41,139.16100000000006,"139,16",
Freio_prony_ESP32_wifi_modbus - torque1,2025/06/13 09:49:42,86.25499999999738,"86,25",
Freio_prony_ESP32_wifi_modbus - torque1,2025/06/13 09:49:43,112.70799999999872,"112,71",
Freio_prony_ESP32_wifi_modbus - torque1,2025/06/13 09:49:46,59.80199999999604,"59,8",
Freio_prony_ESP32_wifi_modbus - torque1,2025/06/13 09:49:48,139.16100000000006,"139,16",
Freio_prony_ESP32_wifi_modbus - torque1,2025/06/13 09:49:50,112.70799999999872,"112,71",
Freio_prony_ESP32_wifi_modbus - torque1,2025/06/13 09:49:51,86.25499999999738,"86,25",
Freio_prony_ESP32_wifi_modbus - torque1,2025/06/13 09:49:52,112.70799999999872,"112,71",
Freio_prony_ESP32_wifi_modbus - torque1,2025/06/13 09:49:53,139.16100000000006,"139,16",
Freio_prony_ESP32_wifi_modbus - torque1,2025/06/13 09:49:54,112.70799999999872,"112,71",
Freio_prony_ESP32_wifi_modbus - torque1,2025/06/13 09:49:55,33.34900000000198,"33,35",
Freio_prony_ESP32_wifi_modbus - torque1,2025/06/13 09:49:56,112.70799999999872,"112,71",
Freio_prony_ESP32_wifi_modbus - torque1,2025/06/13 09:49:59,139.16100000000006,"139,16",
Freio_prony_ESP32_wifi_modbus - torque1,2025/06/13 09:50:00,33.34900000000198,"33,35",
Freio_prony_ESP32_wifi_modbus - torque1,2025/06/13 09:50:01,112.70799999999872,"112,71",
Freio_prony_ESP32_wifi_modbus - torque1,2025/06/13 09:50:02,139.16100000000006,"139,16",
Freio_prony_ESP32_wifi_modbus - torque1,2025/06/13 09:50:03,165.6140000000014,"165,61",
Freio_prony_ESP32_wifi_modbus - torque1,2025/06/13 09:50:04,59.80199999999604,"59,8",
Freio_prony_ESP32_wifi_modbus - torque1,2025/06/13 09:50:05,112.70799999999872,"112,71",
Freio_prony_ESP32_wifi_modbus - torque1,2025/06/13 09:50:10,86.25499999999738,"86,25",
Freio_prony_ESP32_wifi_modbus - torque1,2025/06/13 09:50:12,112.70799999999872,"112,71",
Freio_prony_ESP32_wifi_modbus - torque1,2025/06/13 09:50:13,33.34900000000198,"33,35",
Freio_prony_ESP32_wifi_modbus - torque1,2025/06/13 09:50:14,112.70799999999872,"112,71",
Freio_prony_ESP32_wifi_modbus - torque1,2025/06/13 09:50:15,139.16100000000006,"139,16",
Freio_prony_ESP32_wifi_modbus - torque1,2025/06/13 09:50:19,112.70799999999872,"112,71",
Freio_prony_ESP32_wifi_modbus - torque1,2025/06/13 09:50:21,139.16100000000006,"139,16",
Freio_prony_ESP32_wifi_modbus - torque1,2025/06/13 09:50:23,112.70799999999872,"112,71",
Freio_prony_ESP32_wifi_modbus - torque1,2025/06/13 09:50:24,59.80199999999604,"59,8",
Freio_prony_ESP32_wifi_modbus - torque1,2025/06/13 09:50:25,86.25499999999738,"86,25",
Freio_prony_ESP32_wifi_modbus - torque1,2025/06/13 09:50:28,6.89600000000064,"6,9",
Freio_prony_ESP32_wifi_modbus - torque1,2025/06/13 09:50:29,139.16100000000006,"139,16",
Freio_prony_ESP32_wifi_modbus - torque1,2025/06/13 09:50:32,33.34900000000198,"33,35",
Freio_prony_ESP32_wifi_modbus - torque1,2025/06/13 09:50:34,86.25499999999738,"86,25",
Freio_prony_ESP32_wifi_modbus - torque1,2025/06/13 09:50:36,139.16100000000006,"139,16",
Freio_prony_ESP32_wifi_modbus - torque1,2025/06/13 09:50:40,86.25499999999738,"86,25",
Freio_prony_ESP32_wifi_modbus - torque1,2025/06/13 09:50:41,33.34900000000198,"33,35",
Freio_prony_ESP32_wifi_modbus - torque1,2025/06/13 09:50:42,86.25499999999738,"86,25",
Freio_prony_ESP32_wifi_modbus - torque1,2025/06/13 09:50:44,112.70799999999872,"112,71",
Freio_prony_ESP32_wifi_modbus - torque1,2025/06/13 09:50:45,59.80199999999604,"59,8",
Freio_prony_ESP32_wifi_modbus - torque1,2025/06/13 09:50:46,86.25499999999738,"86,25",
Freio_prony_ESP32_wifi_modbus - torque1,2025/06/13 09:50:48,112.70799999999872,"112,71",
Freio_prony_ESP32_wifi_modbus - torque1,2025/06/13 09:50:49,139.16100000000006,"139,16",
Freio_prony_ESP32_wifi_modbus - torque1,2025/06/13 09:50:50,165.6140000000014,"165,61",
Freio_prony_ESP32_wifi_modbus - torque1,2025/06/13 09:50:51,86.25499999999738,"86,25",
Freio_prony_ESP32_wifi_modbus - torque1,2025/06/13 09:50:52,112.70799999999872,"112,71",
Freio_prony_ESP32_wifi_modbus - torque1,2025/06/13 09:50:55,86.25499999999738,"86,25",
Freio_prony_ESP32_wifi_modbus - torque1,2025/06/13 09:50:56,112.70799999999872,"112,71",
Freio_prony_ESP32_wifi_modbus - torque1,2025/06/13 09:50:58,86.25499999999738,"86,25",
Freio_prony_ESP32_wifi_modbus - torque1,2025/06/13 09:51:00,59.80199999999604,"59,8",
Freio_prony_ESP32_wifi_modbus - torque1,2025/06/13 09:51:01,139.16100000000006,"139,16",
Freio_prony_ESP32_wifi_modbus - torque1,2025/06/13 09:51:02,112.70799999999872,"112,71",
Freio_prony_ESP32_wifi_modbus - torque1,2025/06/13 09:51:04,33.34900000000198,"33,35",
Freio_prony_ESP32_wifi_modbus - torque1,2025/06/13 09:51:05,139.16100000000006,"139,16",
Freio_prony_ESP32_wifi_modbus - torque1,2025/06/13 09:51:08,112.70799999999872,"112,71",
Freio_prony_ESP32_wifi_modbus - torque1,2025/06/13 09:51:09,33.34900000000198,"33,35",
Freio_prony_ESP32_wifi_modbus - torque1,2025/06/13 09:51:10,59.80199999999604,"59,8",
Freio_prony_ESP32_wifi_modbus - torque1,2025/06/13 09:51:11,139.16100000000006,"139,16",
Freio_prony_ESP32_wifi_modbus - torque1,2025/06/13 09:51:13,59.80199999999604,"59,8",
Freio_prony_ESP32_wifi_modbus - torque1,2025/06/13 09:51:14,112.70799999999872,"112,71",
Freio_prony_ESP32_wifi_modbus - torque1,2025/06/13 09:51:15,139.16100000000006,"139,16",
Freio_prony_ESP32_wifi_modbus - torque1,2025/06/13 09:51:16,112.70799999999872,"112,71",
Freio_prony_ESP32_wifi_modbus - torque1,2025/06/13 09:51:20,86.25499999999738,"86,25",
Freio_prony_ESP32_wifi_modbus - torque1,2025/06/13 09:51:24,139.16100000000006,"139,16",
Freio_prony_ESP32_wifi_modbus - torque1,2025/06/13 09:51:25,112.70799999999872,"112,71",
Freio_prony_ESP32_wifi_modbus - torque1,2025/06/13 09:51:26,59.80199999999604,"59,8",
Freio_prony_ESP32_wifi_modbus - torque1,2025/06/13 09:51:28,86.25499999999738,"86,25",
Freio_prony_ESP32_wifi_modbus - torque1,2025/06/13 09:51:29,139.16100000000006,"139,16",
Freio_prony_ESP32_wifi_modbus - torque1,2025/06/13 09:51:32,59.80199999999604,"59,8",
Freio_prony_ESP32_wifi_modbus - torque1,2025/06/13 09:51:33,33.34900000000198,"33,35",
Freio_prony_ESP32_wifi_modbus - torque1,2025/06/13 09:51:34,86.25499999999738,"86,25",
Freio_prony_ESP32_wifi_modbus - torque1,2025/06/13 09:51:35,139.16100000000006,"139,16",
Freio_prony_ESP32_wifi_modbus - torque1,2025/06/13 09:51:36,59.80199999999604,"59,8",
Freio_prony_ESP32_wifi_modbus - torque1,2025/06/13 09:51:38,112.70799999999872,"112,71",
Freio_prony_ESP32_wifi_modbus - torque1,2025/06/13 09:51:40,86.25499999999738,"86,25",
Freio_prony_ESP32_wifi_modbus - torque1,2025/06/13 09:51:41,33.34900000000198,"33,35",
Freio_prony_ESP32_wifi_modbus - torque1,2025/06/13 09:51:42,112.70799999999872,"112,71",
Freio_prony_ESP32_wifi_modbus - torque1,2025/06/13 09:51:43,86.25499999999738,"86,25",
Freio_prony_ESP32_wifi_modbus - torque1,2025/06/13 09:51:45,33.34900000000198,"33,35",
Freio_prony_ESP32_wifi_modbus - torque1,2025/06/13 09:51:46,139.16100000000006,"139,16",
Freio_prony_ESP32_wifi_modbus - torque1,2025/06/13 09:51:48,86.25499999999738,"86,25",
Freio_prony_ESP32_wifi_modbus - torque1,2025/06/13 09:51:49,112.70799999999872,"112,71",
Freio_prony_ESP32_wifi_modbus - torque1,2025/06/13 09:51:50,86.25499999999738,"86,25",
Freio_prony_ESP32_wifi_modbus - torque1,2025/06/13 09:51:51,112.70799999999872,"112,71",
Freio_prony_ESP32_wifi_modbus - torque1,2025/06/13 09:51:52,139.16100000000006,"139,16",
Freio_prony_ESP32_wifi_modbus - torque1,2025/06/13 09:51:53,86.25499999999738,"86,25",
Freio_prony_ESP32_wifi_modbus - torque1,2025/06/13 09:51:54,59.80199999999604,"59,8",
Freio_prony_ESP32_wifi_modbus - torque1,2025/06/13 09:51:55,86.25499999999738,"86,25",
Freio_prony_ESP32_wifi_modbus - torque1,2025/06/13 09:51:56,139.16100000000006,"139,16",
Freio_prony_ESP32_wifi_modbus - torque1,2025/06/13 09:51:59,33.34900000000198,"33,35",
Freio_prony_ESP32_wifi_modbus - torque1,2025/06/13 09:52:00,86.25499999999738,"86,25",
Freio_prony_ESP32_wifi_modbus - torque1,2025/06/13 09:52:01,112.70799999999872,"112,71",
Freio_prony_ESP32_wifi_modbus - torque1,2025/06/13 09:52:02,139.16100000000006,"139,16",
Freio_prony_ESP32_wifi_modbus - torque1,2025/06/13 09:52:03,86.25499999999738,"86,25",
Freio_prony_ESP32_wifi_modbus - torque1,2025/06/13 09:52:04,59.80199999999604,"59,8",
Freio_prony_ESP32_wifi_modbus - torque1,2025/06/13 09:52:06,139.16100000000006,"139,16",
Freio_prony_ESP32_wifi_modbus - torque1,2025/06/13 09:52:08,86.25499999999738,"86,25",
Freio_prony_ESP32_wifi_modbus - torque1,2025/06/13 09:52:10,112.70799999999872,"112,71",
Freio_prony_ESP32_wifi_modbus - torque1,2025/06/13 09:52:12,139.16100000000006,"139,16",
Freio_prony_ESP32_wifi_modbus - torque1,2025/06/13 09:52:13,86.25499999999738,"86,25",
Freio_prony_ESP32_wifi_modbus - torque1,2025/06/13 09:52:14,112.70799999999872,"112,71",
Freio_prony_ESP32_wifi_modbus - torque1,2025/06/13 09:52:18,59.80199999999604,"59,8",
Freio_prony_ESP32_wifi_modbus - torque1,2025/06/13 09:52:19,139.16100000000006,"139,16",
Freio_prony_ESP32_wifi_modbus - torque1,2025/06/13 09:52:21,86.25499999999738,"86,25",
Freio_prony_ESP32_wifi_modbus - torque1,2025/06/13 09:52:22,112.70799999999872,"112,71",
Freio_prony_ESP32_wifi_modbus - torque1,2025/06/13 09:52:23,2281.8539999999994,"2281,85",
Freio_prony_ESP32_wifi_modbus - torque1,2025/06/13 09:52:24,3604.504000000001,"3604,5",
Freio_prony_ESP32_wifi_modbus - torque1,2025/06/13 09:52:25,1012.1100000000006,"1012,11",
Freio_prony_ESP32_wifi_modbus - torque1,2025/06/13 09:52:26,59.80199999999604,"59,8",
Freio_prony_ESP32_wifi_modbus - torque1,2025/06/13 09:52:28,139.16100000000006,"139,16",
Freio_prony_ESP32_wifi_modbus - torque1,2025/06/13 09:52:29,112.70799999999872,"112,71",
Freio_prony_ESP32_wifi_modbus - torque1,2025/06/13 09:52:31,86.25499999999738,"86,25",
Freio_prony_ESP32_wifi_modbus - torque1,2025/06/13 09:52:32,59.80199999999604,"59,8",
Freio_prony_ESP32_wifi_modbus - torque1,2025/06/13 09:52:33,33.34900000000198,"33,35",
Freio_prony_ESP32_wifi_modbus - torque1,2025/06/13 09:52:34,86.25499999999738,"86,25",
Freio_prony_ESP32_wifi_modbus - torque1,2025/06/13 09:52:35,59.80199999999604,"59,8",
Freio_prony_ESP32_wifi_modbus - torque1,2025/06/13 09:52:36,86.25499999999738,"86,25",
Freio_prony_ESP32_wifi_modbus - torque1,2025/06/13 09:52:39,139.16100000000006,"139,16",
Freio_prony_ESP32_wifi_modbus - torque1,2025/06/13 09:52:40,86.25499999999738,"86,25",
Freio_prony_ESP32_wifi_modbus - torque1,2025/06/13 09:52:41,59.80199999999604,"59,8",
Freio_prony_ESP32_wifi_modbus - torque1,2025/06/13 09:52:42,33.34900000000198,"33,35",
Freio_prony_ESP32_wifi_modbus - torque1,2025/06/13 09:52:43,112.70799999999872,"112,71",
Freio_prony_ESP32_wifi_modbus - torque1,2025/06/13 09:52:44,86.25499999999738,"86,25",
Freio_prony_ESP32_wifi_modbus - torque1,2025/06/13 09:52:45,59.80199999999604,"59,8",
Freio_prony_ESP32_wifi_modbus - torque1,2025/06/13 09:52:48,86.25499999999738,"86,25",
Freio_prony_ESP32_wifi_modbus - torque1,2025/06/13 09:52:49,139.16100000000006,"139,16",
Freio_prony_ESP32_wifi_modbus - torque1,2025/06/13 09:52:50,59.80199999999604,"59,8",
Freio_prony_ESP32_wifi_modbus - torque1,2025/06/13 09:52:51,112.70799999999872,"112,71",
Freio_prony_ESP32_wifi_modbus - torque1,2025/06/13 09:52:52,86.25499999999738,"86,25",
Freio_prony_ESP32_wifi_modbus - torque1,2025/06/13 09:52:54,33.34900000000198,"33,35",
Freio_prony_ESP32_wifi_modbus - torque1,2025/06/13 09:52:55,112.70799999999872,"112,71",
Freio_prony_ESP32_wifi_modbus - torque1,2025/06/13 09:52:56,33.34900000000198,"33,35",
Freio_prony_ESP32_wifi_modbus - torque1,2025/06/13 09:52:58,112.70799999999872,"112,71",
Freio_prony_ESP32_wifi_modbus - torque1,2025/06/13 09:52:59,33.34900000000198,"33,35",
Freio_prony_ESP32_wifi_modbus - torque1,2025/06/13 09:53:00,112.70799999999872,"112,71",
Freio_prony_ESP32_wifi_modbus - torque1,2025/06/13 09:53:02,59.80199999999604,"59,8",
Freio_prony_ESP32_wifi_modbus - torque1,2025/06/13 09:53:03,33.34900000000198,"33,35",
Freio_prony_ESP32_wifi_modbus - torque1,2025/06/13 09:53:04,86.25499999999738,"86,25",
Freio_prony_ESP32_wifi_modbus - torque1,2025/06/13 09:53:06,59.80199999999604,"59,8",
Freio_prony_ESP32_wifi_modbus - torque1,2025/06/13 09:53:08,6.89600000000064,"6,9",
Freio_prony_ESP32_wifi_modbus - torque1,2025/06/13 09:53:09,86.25499999999738,"86,25",
Freio_prony_ESP32_wifi_modbus - torque1,2025/06/13 09:53:14,59.80199999999604,"59,8",
Freio_prony_ESP32_wifi_modbus - torque1,2025/06/13 09:53:15,112.70799999999872,"112,71",
Freio_prony_ESP32_wifi_modbus - torque1,2025/06/13 09:53:16,86.25499999999738,"86,25",
Freio_prony_ESP32_wifi_modbus - torque1,2025/06/13 09:53:18,112.70799999999872,"112,71",
Freio_prony_ESP32_wifi_modbus - torque1,2025/06/13 09:53:19,86.25499999999738,"86,25",
Freio_prony_ESP32_wifi_modbus - torque1,2025/06/13 09:53:20,112.70799999999872,"112,71",
Freio_prony_ESP32_wifi_modbus - torque1,2025/06/13 09:53:21,86.25499999999738,"86,25",
Freio_prony_ESP32_wifi_modbus - torque1,2025/06/13 09:53:25,59.80199999999604,"59,8",
Freio_prony_ESP32_wifi_modbus - torque1,2025/06/13 09:53:26,33.34900000000198,"33,35",
Freio_prony_ESP32_wifi_modbus - torque1,2025/06/13 09:53:28,86.25499999999738,"86,25",
Freio_prony_ESP32_wifi_modbus - torque1,2025/06/13 09:53:30,112.70799999999872,"112,71",
Freio_prony_ESP32_wifi_modbus - torque1,2025/06/13 09:53:31,-19.5570000000007,"-19,56",
Freio_prony_ESP32_wifi_modbus - torque1,2025/06/13 09:53:32,112.70799999999872,"112,71",
Freio_prony_ESP32_wifi_modbus - torque1,2025/06/13 09:53:33,139.16100000000006,"139,16",
Freio_prony_ESP32_wifi_modbus - torque1,2025/06/13 09:53:35,112.70799999999872,"112,71",
Freio_prony_ESP32_wifi_modbus - torque1,2025/06/13 09:53:36,139.16100000000006,"139,16",
Freio_prony_ESP32_wifi_modbus - torque1,2025/06/13 09:53:38,165.6140000000014,"165,61",
Freio_prony_ESP32_wifi_modbus - torque1,2025/06/13 09:53:39,139.16100000000006,"139,16",
Freio_prony_ESP32_wifi_modbus - torque1,2025/06/13 09:53:40,112.70799999999872,"112,71",
Freio_prony_ESP32_wifi_modbus - torque1,2025/06/13 09:53:41,139.16100000000006,"139,16",
Freio_prony_ESP32_wifi_modbus - torque1,2025/06/13 09:53:43,165.6140000000014,"165,61",
Freio_prony_ESP32_wifi_modbus - torque1,2025/06/13 09:53:44,112.70799999999872,"112,71",
Freio_prony_ESP32_wifi_modbus - torque1,2025/06/13 09:53:45,139.16100000000006,"139,16",
Freio_prony_ESP32_wifi_modbus - torque1,2025/06/13 09:53:48,165.6140000000014,"165,61",
Freio_prony_ESP32_wifi_modbus - torque1,2025/06/13 09:53:49,112.70799999999872,"112,71",
Freio_prony_ESP32_wifi_modbus - torque1,2025/06/13 09:53:50,139.16100000000006,"139,16",
Freio_prony_ESP32_wifi_modbus - torque1,2025/06/13 09:53:51,112.70799999999872,"112,71",
Freio_prony_ESP32_wifi_modbus - torque1,2025/06/13 09:53:52,86.25499999999738,"86,25",
Freio_prony_ESP32_wifi_modbus - torque1,2025/06/13 09:53:53,112.70799999999872,"112,71",
Freio_prony_ESP32_wifi_modbus - torque1,2025/06/13 09:53:55,139.16100000000006,"139,16",
Freio_prony_ESP32_wifi_modbus - torque1,2025/06/13 09:53:56,59.80199999999604,"59,8",
Freio_prony_ESP32_wifi_modbus - torque1,2025/06/13 09:53:58,112.70799999999872,"112,71",
Freio_prony_ESP32_wifi_modbus - torque1,2025/06/13 09:54:00,139.16100000000006,"139,16",
Freio_prony_ESP32_wifi_modbus - torque1,2025/06/13 09:54:03,112.70799999999872,"112,71",
Freio_prony_ESP32_wifi_modbus - torque1,2025/06/13 09:54:05,165.6140000000014,"165,61",
Freio_prony_ESP32_wifi_modbus - torque1,2025/06/13 09:54:08,86.25499999999738,"86,25",
Freio_prony_ESP32_wifi_modbus - torque1,2025/06/13 09:54:09,139.16100000000006,"139,16",
Freio_prony_ESP32_wifi_modbus - torque1,2025/06/13 09:54:10,192.06699999999546,"192,07",
Freio_prony_ESP32_wifi_modbus - torque1,2025/06/13 09:54:11,139.16100000000006,"139,16",
Freio_prony_ESP32_wifi_modbus - torque1,2025/06/13 09:54:12,165.6140000000014,"165,61",
Freio_prony_ESP32_wifi_modbus - torque1,2025/06/13 09:54:16,139.16100000000006,"139,16",
Freio_prony_ESP32_wifi_modbus - torque1,2025/06/13 09:54:19,165.6140000000014,"165,61",
Freio_prony_ESP32_wifi_modbus - torque1,2025/06/13 09:54:20,139.16100000000006,"139,16",
Freio_prony_ESP32_wifi_modbus - torque1,2025/06/13 09:54:22,165.6140000000014,"165,61",
Freio_prony_ESP32_wifi_modbus - torque1,2025/06/13 09:54:25,112.70799999999872,"112,71",
Freio_prony_ESP32_wifi_modbus - torque1,2025/06/13 09:54:28,139.16100000000006,"139,16",
Freio_prony_ESP32_wifi_modbus - torque1,2025/06/13 09:54:30,112.70799999999872,"112,71",
Freio_prony_ESP32_wifi_modbus - torque1,2025/06/13 09:54:32,139.16100000000006,"139,16",
Freio_prony_ESP32_wifi_modbus - torque1,2025/06/13 09:54:35,112.70799999999872,"112,71",
Freio_prony_ESP32_wifi_modbus - torque1,2025/06/13 09:54:36,86.25499999999738,"86,25",
Freio_prony_ESP32_wifi_modbus - torque1,2025/06/13 09:54:38,165.6140000000014,"165,61",
Freio_prony_ESP32_wifi_modbus - torque1,2025/06/13 09:54:39,139.16100000000006,"139,16",
Freio_prony_ESP32_wifi_modbus - torque1,2025/06/13 09:54:40,86.25499999999738,"86,25",
Freio_prony_ESP32_wifi_modbus - torque1,2025/06/13 09:54:41,139.16100000000006,"139,16",
Freio_prony_ESP32_wifi_modbus - torque1,2025/06/13 09:54:42,192.06699999999546,"192,07",
Freio_prony_ESP32_wifi_modbus - torque1,2025/06/13 09:54:43,86.25499999999738,"86,25",
Freio_prony_ESP32_wifi_modbus - torque1,2025/06/13 09:54:44,139.16100000000006,"139,16",
Freio_prony_ESP32_wifi_modbus - torque1,2025/06/13 09:54:46,165.6140000000014,"165,61",
Freio_prony_ESP32_wifi_modbus - torque1,2025/06/13 09:54:48,139.16100000000006,"139,16",
Freio_prony_ESP32_wifi_modbus - torque1,2025/06/13 09:54:49,33.34900000000198,"33,35",
Freio_prony_ESP32_wifi_modbus - torque1,2025/06/13 09:54:50,139.16100000000006,"139,16",
Freio_prony_ESP32_wifi_modbus - torque1,2025/06/13 09:54:51,192.06699999999546,"192,07",
Freio_prony_ESP32_wifi_modbus - torque1,2025/06/13 09:54:52,271.4259999999995,"271,43",
Freio_prony_ESP32_wifi_modbus - torque1,2025/06/13 09:54:53,350.7849999999962,"350,78",
Freio_prony_ESP32_wifi_modbus - torque1,2025/06/13 09:54:54,456.5970000000016,"456,6",
Freio_prony_ESP32_wifi_modbus - torque1,2025/06/13 09:54:55,562.4089999999997,"562,41",
Freio_prony_ESP32_wifi_modbus - torque1,2025/06/13 09:54:56,879.8450000000012,"879,85",
Freio_prony_ESP32_wifi_modbus - torque1,2025/06/13 09:54:58,985.6569999999992,"985,66",
Freio_prony_ESP32_wifi_modbus - torque1,2025/06/13 09:54:59,1329.546000000002,"1329,55",
Freio_prony_ESP32_wifi_modbus - torque1,2025/06/13 09:55:00,1699.887999999999,"1699,89",
Freio_prony_ESP32_wifi_modbus - torque1,2025/06/13 09:55:01,1990.8709999999992,"1990,87",
Freio_prony_ESP32_wifi_modbus - torque1,2025/06/13 09:55:02,2414.118999999999,"2414,12",
Freio_prony_ESP32_wifi_modbus - torque1,2025/06/13 09:55:03,2863.8199999999997,"2863,82",
Freio_prony_ESP32_wifi_modbus - torque1,2025/06/13 09:55:04,3339.974000000002,"3339,97",
Freio_prony_ESP32_wifi_modbus - torque1,2025/06/13 09:55:05,3763.2220000000016,"3763,22",
Freio_prony_ESP32_wifi_modbus - torque1,2025/06/13 09:55:06,4239.375999999997,"4239,38",
Freio_prony_ESP32_wifi_modbus - torque1,2025/06/13 09:55:08,4847.794999999998,"4847,79",
Freio_prony_ESP32_wifi_modbus - torque1,2025/06/13 09:55:09,5376.854999999996,"5376,85",
Freio_prony_ESP32_wifi_modbus - torque1,2025/06/13 09:55:10,5905.915000000001,"5905,92",
Freio_prony_ESP32_wifi_modbus - torque1,2025/06/13 09:55:11,6408.521999999997,"6408,52",
Freio_prony_ESP32_wifi_modbus - torque1,2025/06/13 09:55:12,6964.034999999996,"6964,03",
Freio_prony_ESP32_wifi_modbus - torque1,2025/06/13 09:55:13,7493.095000000001,"7493,1",
Freio_prony_ESP32_wifi_modbus - torque1,2025/06/13 09:55:14,7942.796000000002,"7942,8",
Freio_prony_ESP32_wifi_modbus - torque1,2025/06/13 09:55:15,8445.402999999998,"8445,4",
Freio_prony_ESP32_wifi_modbus - torque1,2025/06/13 09:55:16,8921.557,"8921,56",
Freio_prony_ESP32_wifi_modbus - torque1,2025/06/13 09:55:18,9609.335,"9609,33",
Freio_prony_ESP32_wifi_modbus - torque1,2025/06/13 09:55:19,10164.847999999998,"10164,85",
Freio_prony_ESP32_wifi_modbus - torque1,2025/06/13 09:55:20,10535.189999999995,"10535,19",
Freio_prony_ESP32_wifi_modbus - torque1,2025/06/13 09:55:21,10508.737000000001,"10508,74",
Freio_prony_ESP32_wifi_modbus - torque1,2025/06/13 09:55:22,10588.095999999998,"10588,1",
Freio_prony_ESP32_wifi_modbus - torque1,2025/06/13 09:55:23,8233.779000000002,"8233,78",
Freio_prony_ESP32_wifi_modbus - torque1,2025/06/13 09:55:24,244.97299999999814,"244,97",
Freio_prony_ESP32_wifi_modbus - torque1,2025/06/13 09:55:25,59.80199999999604,"59,8",
Freio_prony_ESP32_wifi_modbus - torque1,2025/06/13 09:55:26,86.25499999999738,"86,25",
Freio_prony_ESP32_wifi_modbus - torque1,2025/06/13 09:55:28,59.80199999999604,"59,8",
Freio_prony_ESP32_wifi_modbus - torque1,2025/06/13 09:55:29,33.34900000000198,"33,35",
Freio_prony_ESP32_wifi_modbus - torque1,2025/06/13 09:55:31,59.80199999999604,"59,8",
Freio_prony_ESP32_wifi_modbus - torque1,2025/06/13 09:55:32,112.70799999999872,"112,71",
Freio_prony_ESP32_wifi_modbus - torque1,2025/06/13 09:55:33,86.25499999999738,"86,25",
Freio_prony_ESP32_wifi_modbus - torque1,2025/06/13 09:55:34,33.34900000000198,"33,35",
Freio_prony_ESP32_wifi_modbus - torque1,2025/06/13 09:55:35,86.25499999999738,"86,25",
Freio_prony_ESP32_wifi_modbus - torque1,2025/06/13 09:55:36,59.80199999999604,"59,8",
Freio_prony_ESP32_wifi_modbus - torque1,2025/06/13 09:55:38,86.25499999999738,"86,25",
Freio_prony_ESP32_wifi_modbus - torque1,2025/06/13 09:55:39,-19.5570000000007,"-19,56",
Freio_prony_ESP32_wifi_modbus - torque1,2025/06/13 09:55:40,112.70799999999872,"112,71",
Freio_prony_ESP32_wifi_modbus - torque1,2025/06/13 09:55:41,86.25499999999738,"86,25",
Freio_prony_ESP32_wifi_modbus - torque1,2025/06/13 09:55:43,33.34900000000198,"33,35",
Freio_prony_ESP32_wifi_modbus - torque1,2025/06/13 09:55:44,59.80199999999604,"59,8",
Freio_prony_ESP32_wifi_modbus - torque1,2025/06/13 09:55:46,86.25499999999738,"86,25",
Freio_prony_ESP32_wifi_modbus - torque1,2025/06/13 09:55:48,33.34900000000198,"33,35",
Freio_prony_ESP32_wifi_modbus - torque1,2025/06/13 09:55:49,59.80199999999604,"59,8",
Freio_prony_ESP32_wifi_modbus - torque1,2025/06/13 09:55:50,112.70799999999872,"112,71",
Freio_prony_ESP32_wifi_modbus - torque1,2025/06/13 09:55:51,86.25499999999738,"86,25",
Freio_prony_ESP32_wifi_modbus - torque1,2025/06/13 09:55:52,59.80199999999604,"59,8",
Freio_prony_ESP32_wifi_modbus - torque1,2025/06/13 09:55:54,112.70799999999872,"112,71",
Freio_prony_ESP32_wifi_modbus - torque1,2025/06/13 09:55:56,86.25499999999738,"86,25",
Freio_prony_ESP32_wifi_modbus - torque1,2025/06/13 09:55:58,33.34900000000198,"33,35",
Freio_prony_ESP32_wifi_modbus - torque1,2025/06/13 09:55:59,59.80199999999604,"59,8",
Freio_prony_ESP32_wifi_modbus - torque2,2025/06/13 09:40:49,166.0020000000004,166,
Freio_prony_ESP32_wifi_modbus - torque2,2025/06/13 09:40:50,190.11999999999534,"190,12",
Freio_prony_ESP32_wifi_modbus - torque2,2025/06/13 09:40:51,214.23799999999756,"214,24",
Freio_prony_ESP32_wifi_modbus - torque2,2025/06/13 09:40:53,190.11999999999534,"190,12",
Freio_prony_ESP32_wifi_modbus - torque2,2025/06/13 09:40:54,214.23799999999756,"214,24",
Freio_prony_ESP32_wifi_modbus - torque2,2025/06/13 09:40:55,190.11999999999534,"190,12",
Freio_prony_ESP32_wifi_modbus - torque2,2025/06/13 09:41:01,166.0020000000004,166,
Freio_prony_ESP32_wifi_modbus - torque2,2025/06/13 09:41:02,214.23799999999756,"214,24",
Freio_prony_ESP32_wifi_modbus - torque2,2025/06/13 09:41:03,190.11999999999534,"190,12",
Freio_prony_ESP32_wifi_modbus - torque2,2025/06/13 09:41:04,214.23799999999756,"214,24",
Freio_prony_ESP32_wifi_modbus - torque2,2025/06/13 09:41:05,190.11999999999534,"190,12",
Freio_prony_ESP32_wifi_modbus - torque2,2025/06/13 09:41:09,214.23799999999756,"214,24",
Freio_prony_ESP32_wifi_modbus - torque2,2025/06/13 09:41:10,190.11999999999534,"190,12",
Freio_prony_ESP32_wifi_modbus - torque2,2025/06/13 09:41:12,166.0020000000004,166,
Freio_prony_ESP32_wifi_modbus - torque2,2025/06/13 09:41:13,190.11999999999534,"190,12",
Freio_prony_ESP32_wifi_modbus - torque2,2025/06/13 09:41:17,141.8839999999982,"141,88",
Freio_prony_ESP32_wifi_modbus - torque2,2025/06/13 09:41:18,190.11999999999534,"190,12",
Freio_prony_ESP32_wifi_modbus - torque2,2025/06/13 09:41:22,141.8839999999982,"141,88",
Freio_prony_ESP32_wifi_modbus - torque2,2025/06/13 09:41:23,166.0020000000004,166,
Freio_prony_ESP32_wifi_modbus - torque2,2025/06/13 09:41:24,190.11999999999534,"190,12",
Freio_prony_ESP32_wifi_modbus - torque2,2025/06/13 09:41:27,214.23799999999756,"214,24",
Freio_prony_ESP32_wifi_modbus - torque2,2025/06/13 09:41:28,190.11999999999534,"190,12",
Freio_prony_ESP32_wifi_modbus - torque2,2025/06/13 09:41:29,214.23799999999756,"214,24",
Freio_prony_ESP32_wifi_modbus - torque2,2025/06/13 09:41:30,141.8839999999982,"141,88",
Freio_prony_ESP32_wifi_modbus - torque2,2025/06/13 09:41:31,190.11999999999534,"190,12",
Freio_prony_ESP32_wifi_modbus - torque2,2025/06/13 09:41:34,166.0020000000004,166,
Freio_prony_ESP32_wifi_modbus - torque2,2025/06/13 09:41:35,190.11999999999534,"190,12",
Freio_prony_ESP32_wifi_modbus - torque2,2025/06/13 09:41:37,214.23799999999756,"214,24",
Freio_prony_ESP32_wifi_modbus - torque2,2025/06/13 09:41:38,238.35599999999977,"238,36",
Freio_prony_ESP32_wifi_modbus - torque2,2025/06/13 09:41:39,190.11999999999534,"190,12",
Freio_prony_ESP32_wifi_modbus - torque2,2025/06/13 09:41:40,166.0020000000004,166,
Freio_prony_ESP32_wifi_modbus - torque2,2025/06/13 09:41:41,190.11999999999534,"190,12",
Freio_prony_ESP32_wifi_modbus - torque2,2025/06/13 09:41:42,166.0020000000004,166,
Freio_prony_ESP32_wifi_modbus - torque2,2025/06/13 09:41:43,190.11999999999534,"190,12",
Freio_prony_ESP32_wifi_modbus - torque2,2025/06/13 09:41:49,166.0020000000004,166,
Freio_prony_ESP32_wifi_modbus - torque2,2025/06/13 09:41:50,190.11999999999534,"190,12",
Freio_prony_ESP32_wifi_modbus - torque2,2025/06/13 09:41:53,166.0020000000004,166,
Freio_prony_ESP32_wifi_modbus - torque2,2025/06/13 09:41:54,190.11999999999534,"190,12",
Freio_prony_ESP32_wifi_modbus - torque2,2025/06/13 09:41:57,214.23799999999756,"214,24",
Freio_prony_ESP32_wifi_modbus - torque2,2025/06/13 09:42:02,166.0020000000004,166,
Freio_prony_ESP32_wifi_modbus - torque2,2025/06/13 09:42:03,238.35599999999977,"238,36",
Freio_prony_ESP32_wifi_modbus - torque2,2025/06/13 09:42:04,190.11999999999534,"190,12",
Freio_prony_ESP32_wifi_modbus - torque2,2025/06/13 09:42:09,214.23799999999756,"214,24",
Freio_prony_ESP32_wifi_modbus - torque2,2025/06/13 09:42:10,190.11999999999534,"190,12",
Freio_prony_ESP32_wifi_modbus - torque2,2025/06/13 09:42:12,166.0020000000004,166,
Freio_prony_ESP32_wifi_modbus - torque2,2025/06/13 09:42:13,190.11999999999534,"190,12",
Freio_prony_ESP32_wifi_modbus - torque2,2025/06/13 09:42:20,166.0020000000004,166,
Freio_prony_ESP32_wifi_modbus - torque2,2025/06/13 09:42:21,141.8839999999982,"141,88",
Freio_prony_ESP32_wifi_modbus - torque2,2025/06/13 09:42:22,190.11999999999534,"190,12",
Freio_prony_ESP32_wifi_modbus - torque2,2025/06/13 09:42:25,141.8839999999982,"141,88",
Freio_prony_ESP32_wifi_modbus - torque2,2025/06/13 09:42:27,190.11999999999534,"190,12",
Freio_prony_ESP32_wifi_modbus - torque2,2025/06/13 09:42:28,166.0020000000004,166,
Freio_prony_ESP32_wifi_modbus - torque2,2025/06/13 09:42:29,190.11999999999534,"190,12",
Freio_prony_ESP32_wifi_modbus - torque2,2025/06/13 09:42:34,141.8839999999982,"141,88",
Freio_prony_ESP32_wifi_modbus - torque2,2025/06/13 09:42:35,214.23799999999756,"214,24",
Freio_prony_ESP32_wifi_modbus - torque2,2025/06/13 09:42:37,190.11999999999534,"190,12",
Freio_prony_ESP32_wifi_modbus - torque2,2025/06/13 09:42:39,166.0020000000004,166,
Freio_prony_ESP32_wifi_modbus - torque2,2025/06/13 09:42:42,141.8839999999982,"141,88",
Freio_prony_ESP32_wifi_modbus - torque2,2025/06/13 09:42:44,166.0020000000004,166,
Freio_prony_ESP32_wifi_modbus - torque2,2025/06/13 09:42:48,141.8839999999982,"141,88",
Freio_prony_ESP32_wifi_modbus - torque2,2025/06/13 09:42:49,166.0020000000004,166,
Freio_prony_ESP32_wifi_modbus - torque2,2025/06/13 09:42:52,141.8839999999982,"141,88",
Freio_prony_ESP32_wifi_modbus - torque2,2025/06/13 09:42:53,117.76599999999598,"117,77",
Freio_prony_ESP32_wifi_modbus - torque2,2025/06/13 09:42:54,383.0639999999985,"383,06",
Freio_prony_ESP32_wifi_modbus - torque2,2025/06/13 09:42:55,166.0020000000004,166,
Freio_prony_ESP32_wifi_modbus - torque2,2025/06/13 09:42:57,190.11999999999534,"190,12",
Freio_prony_ESP32_wifi_modbus - torque2,2025/06/13 09:42:58,141.8839999999982,"141,88",
Freio_prony_ESP32_wifi_modbus - torque2,2025/06/13 09:42:59,190.11999999999534,"190,12",
Freio_prony_ESP32_wifi_modbus - torque2,2025/06/13 09:43:01,166.0020000000004,166,
Freio_prony_ESP32_wifi_modbus - torque2,2025/06/13 09:43:02,190.11999999999534,"190,12",
Freio_prony_ESP32_wifi_modbus - torque2,2025/06/13 09:43:03,214.23799999999756,"214,24",
Freio_prony_ESP32_wifi_modbus - torque2,2025/06/13 09:43:04,166.0020000000004,166,
Freio_prony_ESP32_wifi_modbus - torque2,2025/06/13 09:43:05,214.23799999999756,"214,24",
Freio_prony_ESP32_wifi_modbus - torque2,2025/06/13 09:43:11,190.11999999999534,"190,12",
Freio_prony_ESP32_wifi_modbus - torque2,2025/06/13 09:43:12,214.23799999999756,"214,24",
Freio_prony_ESP32_wifi_modbus - torque2,2025/06/13 09:43:13,190.11999999999534,"190,12",
Freio_prony_ESP32_wifi_modbus - torque2,2025/06/13 09:43:15,166.0020000000004,166,
Freio_prony_ESP32_wifi_modbus - torque2,2025/06/13 09:43:17,262.4739999999947,"262,47",
Freio_prony_ESP32_wifi_modbus - torque2,2025/06/13 09:43:18,190.11999999999534,"190,12",
Freio_prony_ESP32_wifi_modbus - torque2,2025/06/13 09:43:20,141.8839999999982,"141,88",
Freio_prony_ESP32_wifi_modbus - torque2,2025/06/13 09:43:22,166.0020000000004,166,
Freio_prony_ESP32_wifi_modbus - torque2,2025/06/13 09:43:23,190.11999999999534,"190,12",
Freio_prony_ESP32_wifi_modbus - torque2,2025/06/13 09:43:25,166.0020000000004,166,
Freio_prony_ESP32_wifi_modbus - torque2,2025/06/13 09:43:27,190.11999999999534,"190,12",
Freio_prony_ESP32_wifi_modbus - torque2,2025/06/13 09:43:28,166.0020000000004,166,
Freio_prony_ESP32_wifi_modbus - torque2,2025/06/13 09:43:29,141.8839999999982,"141,88",
Freio_prony_ESP32_wifi_modbus - torque2,2025/06/13 09:43:31,407.1820000000007,"407,18",
Freio_prony_ESP32_wifi_modbus - torque2,2025/06/13 09:43:32,238.35599999999977,"238,36",
Freio_prony_ESP32_wifi_modbus - torque2,2025/06/13 09:43:33,166.0020000000004,166,
Freio_prony_ESP32_wifi_modbus - torque2,2025/06/13 09:43:34,238.35599999999977,"238,36",
Freio_prony_ESP32_wifi_modbus - torque2,2025/06/13 09:43:35,865.4239999999991,"865,42",
Freio_prony_ESP32_wifi_modbus - torque2,2025/06/13 09:43:37,190.11999999999534,"190,12",
Freio_prony_ESP32_wifi_modbus - torque2,2025/06/13 09:43:39,93.64799999999377,"93,65",
Freio_prony_ESP32_wifi_modbus - torque2,2025/06/13 09:43:40,190.11999999999534,"190,12",
Freio_prony_ESP32_wifi_modbus - torque2,2025/06/13 09:43:43,141.8839999999982,"141,88",
Freio_prony_ESP32_wifi_modbus - torque2,2025/06/13 09:43:44,166.0020000000004,166,
Freio_prony_ESP32_wifi_modbus - torque2,2025/06/13 09:43:48,117.76599999999598,"117,77",
Freio_prony_ESP32_wifi_modbus - torque2,2025/06/13 09:43:49,190.11999999999534,"190,12",
Freio_prony_ESP32_wifi_modbus - torque2,2025/06/13 09:43:50,214.23799999999756,"214,24",
Freio_prony_ESP32_wifi_modbus - torque2,2025/06/13 09:43:51,166.0020000000004,166,
Freio_prony_ESP32_wifi_modbus - torque2,2025/06/13 09:43:52,117.76599999999598,"117,77",
Freio_prony_ESP32_wifi_modbus - torque2,2025/06/13 09:43:53,166.0020000000004,166,
Freio_prony_ESP32_wifi_modbus - torque2,2025/06/13 09:43:55,238.35599999999977,"238,36",
Freio_prony_ESP32_wifi_modbus - torque2,2025/06/13 09:43:57,166.0020000000004,166,
Freio_prony_ESP32_wifi_modbus - torque2,2025/06/13 09:43:59,190.11999999999534,"190,12",
Freio_prony_ESP32_wifi_modbus - torque2,2025/06/13 09:44:00,166.0020000000004,166,
Freio_prony_ESP32_wifi_modbus - torque2,2025/06/13 09:44:02,214.23799999999756,"214,24",
Freio_prony_ESP32_wifi_modbus - torque2,2025/06/13 09:44:04,190.11999999999534,"190,12",
Freio_prony_ESP32_wifi_modbus - torque2,2025/06/13 09:44:05,262.4739999999947,"262,47",
Freio_prony_ESP32_wifi_modbus - torque2,2025/06/13 09:44:08,190.11999999999534,"190,12",
Freio_prony_ESP32_wifi_modbus - torque2,2025/06/13 09:44:09,238.35599999999977,"238,36",
Freio_prony_ESP32_wifi_modbus - torque2,2025/06/13 09:44:10,190.11999999999534,"190,12",
Freio_prony_ESP32_wifi_modbus - torque2,2025/06/13 09:44:13,141.8839999999982,"141,88",
Freio_prony_ESP32_wifi_modbus - torque2,2025/06/13 09:44:14,166.0020000000004,166,
Freio_prony_ESP32_wifi_modbus - torque2,2025/06/13 09:44:15,141.8839999999982,"141,88",
Freio_prony_ESP32_wifi_modbus - torque2,2025/06/13 09:44:18,190.11999999999534,"190,12",
Freio_prony_ESP32_wifi_modbus - torque2,2025/06/13 09:44:19,166.0020000000004,166,
Freio_prony_ESP32_wifi_modbus - torque2,2025/06/13 09:44:21,190.11999999999534,"190,12",
Freio_prony_ESP32_wifi_modbus - torque2,2025/06/13 09:44:22,166.0020000000004,166,
Freio_prony_ESP32_wifi_modbus - torque2,2025/06/13 09:44:23,190.11999999999534,"190,12",
Freio_prony_ESP32_wifi_modbus - torque2,2025/06/13 09:44:24,166.0020000000004,166,
Freio_prony_ESP32_wifi_modbus - torque2,2025/06/13 09:44:27,141.8839999999982,"141,88",
Freio_prony_ESP32_wifi_modbus - torque2,2025/06/13 09:44:28,190.11999999999534,"190,12",
Freio_prony_ESP32_wifi_modbus - torque2,2025/06/13 09:44:30,166.0020000000004,166,
Freio_prony_ESP32_wifi_modbus - torque2,2025/06/13 09:44:35,141.8839999999982,"141,88",
Freio_prony_ESP32_wifi_modbus - torque2,2025/06/13 09:44:36,166.0020000000004,166,
Freio_prony_ESP32_wifi_modbus - torque2,2025/06/13 09:44:37,141.8839999999982,"141,88",
Freio_prony_ESP32_wifi_modbus - torque2,2025/06/13 09:44:39,166.0020000000004,166,
Freio_prony_ESP32_wifi_modbus - torque2,2025/06/13 09:44:40,141.8839999999982,"141,88",
Freio_prony_ESP32_wifi_modbus - torque2,2025/06/13 09:44:41,166.0020000000004,166,
Freio_prony_ESP32_wifi_modbus - torque2,2025/06/13 09:44:45,190.11999999999534,"190,12",
Freio_prony_ESP32_wifi_modbus - torque2,2025/06/13 09:44:48,166.0020000000004,166,
Freio_prony_ESP32_wifi_modbus - torque2,2025/06/13 09:44:50,190.11999999999534,"190,12",
Freio_prony_ESP32_wifi_modbus - torque2,2025/06/13 09:44:51,166.0020000000004,166,
Freio_prony_ESP32_wifi_modbus - torque2,2025/06/13 09:44:53,141.8839999999982,"141,88",
Freio_prony_ESP32_wifi_modbus - torque2,2025/06/13 09:44:54,166.0020000000004,166,
Freio_prony_ESP32_wifi_modbus - torque2,2025/06/13 09:44:58,141.8839999999982,"141,88",
Freio_prony_ESP32_wifi_modbus - torque2,2025/06/13 09:44:59,166.0020000000004,166,
Freio_prony_ESP32_wifi_modbus - torque2,2025/06/13 09:45:01,141.8839999999982,"141,88",
Freio_prony_ESP32_wifi_modbus - torque2,2025/06/13 09:45:03,190.11999999999534,"190,12",
Freio_prony_ESP32_wifi_modbus - torque2,2025/06/13 09:45:04,166.0020000000004,166,
Freio_prony_ESP32_wifi_modbus - torque2,2025/06/13 09:45:05,214.23799999999756,"214,24",
Freio_prony_ESP32_wifi_modbus - torque2,2025/06/13 09:45:06,141.8839999999982,"141,88",
Freio_prony_ESP32_wifi_modbus - torque2,2025/06/13 09:45:07,190.11999999999534,"190,12",
Freio_prony_ESP32_wifi_modbus - torque2,2025/06/13 09:45:09,141.8839999999982,"141,88",
Freio_prony_ESP32_wifi_modbus - torque2,2025/06/13 09:45:10,190.11999999999534,"190,12",
Freio_prony_ESP32_wifi_modbus - torque2,2025/06/13 09:45:11,141.8839999999982,"141,88",
Freio_prony_ESP32_wifi_modbus - torque2,2025/06/13 09:45:12,166.0020000000004,166,
Freio_prony_ESP32_wifi_modbus - torque2,2025/06/13 09:45:14,190.11999999999534,"190,12",
Freio_prony_ESP32_wifi_modbus - torque2,2025/06/13 09:45:16,214.23799999999756,"214,24",
Freio_prony_ESP32_wifi_modbus - torque2,2025/06/13 09:45:18,166.0020000000004,166,
Freio_prony_ESP32_wifi_modbus - torque2,2025/06/13 09:45:21,117.76599999999598,"117,77",
Freio_prony_ESP32_wifi_modbus - torque2,2025/06/13 09:45:22,166.0020000000004,166,
Freio_prony_ESP32_wifi_modbus - torque2,2025/06/13 09:45:25,141.8839999999982,"141,88",
Freio_prony_ESP32_wifi_modbus - torque2,2025/06/13 09:45:26,190.11999999999534,"190,12",
Freio_prony_ESP32_wifi_modbus - torque2,2025/06/13 09:45:29,166.0020000000004,166,
Freio_prony_ESP32_wifi_modbus - torque2,2025/06/13 09:45:30,141.8839999999982,"141,88",
Freio_prony_ESP32_wifi_modbus - torque2,2025/06/13 09:45:31,166.0020000000004,166,
Freio_prony_ESP32_wifi_modbus - torque2,2025/06/13 09:45:33,190.11999999999534,"190,12",
Freio_prony_ESP32_wifi_modbus - torque2,2025/06/13 09:45:34,141.8839999999982,"141,88",
Freio_prony_ESP32_wifi_modbus - torque2,2025/06/13 09:45:35,190.11999999999534,"190,12",
Freio_prony_ESP32_wifi_modbus - torque2,2025/06/13 09:45:36,166.0020000000004,166,
Freio_prony_ESP32_wifi_modbus - torque2,2025/06/13 09:45:38,190.11999999999534,"190,12",
Freio_prony_ESP32_wifi_modbus - torque2,2025/06/13 09:45:39,141.8839999999982,"141,88",
Freio_prony_ESP32_wifi_modbus - torque2,2025/06/13 09:45:40,166.0020000000004,166,
Freio_prony_ESP32_wifi_modbus - torque2,2025/06/13 09:45:43,117.76599999999598,"117,77",
Freio_prony_ESP32_wifi_modbus - torque2,2025/06/13 09:45:44,166.0020000000004,166,
Freio_prony_ESP32_wifi_modbus - torque2,2025/06/13 09:45:48,141.8839999999982,"141,88",
Freio_prony_ESP32_wifi_modbus - torque2,2025/06/13 09:45:49,166.0020000000004,166,
Freio_prony_ESP32_wifi_modbus - torque2,2025/06/13 09:45:50,190.11999999999534,"190,12",
Freio_prony_ESP32_wifi_modbus - torque2,2025/06/13 09:45:52,166.0020000000004,166,
Freio_prony_ESP32_wifi_modbus - torque2,2025/06/13 09:45:54,190.11999999999534,"190,12",
Freio_prony_ESP32_wifi_modbus - torque2,2025/06/13 09:45:56,166.0020000000004,166,
Freio_prony_ESP32_wifi_modbus - torque2,2025/06/13 09:45:58,141.8839999999982,"141,88",
Freio_prony_ESP32_wifi_modbus - torque2,2025/06/13 09:45:59,166.0020000000004,166,
Freio_prony_ESP32_wifi_modbus - torque2,2025/06/13 09:46:08,190.11999999999534,"190,12",
Freio_prony_ESP32_wifi_modbus - torque2,2025/06/13 09:46:10,214.23799999999756,"214,24",
Freio_prony_ESP32_wifi_modbus - torque2,2025/06/13 09:46:11,190.11999999999534,"190,12",
Freio_prony_ESP32_wifi_modbus - torque2,2025/06/13 09:46:13,166.0020000000004,166,
Freio_prony_ESP32_wifi_modbus - torque2,2025/06/13 09:46:15,117.76599999999598,"117,77",
Freio_prony_ESP32_wifi_modbus - torque2,2025/06/13 09:46:16,141.8839999999982,"141,88",
Freio_prony_ESP32_wifi_modbus - torque2,2025/06/13 09:46:18,166.0020000000004,166,
Freio_prony_ESP32_wifi_modbus - torque2,2025/06/13 09:46:19,190.11999999999534,"190,12",
Freio_prony_ESP32_wifi_modbus - torque2,2025/06/13 09:46:20,166.0020000000004,166,
Freio_prony_ESP32_wifi_modbus - torque2,2025/06/13 09:46:21,214.23799999999756,"214,24",
Freio_prony_ESP32_wifi_modbus - torque2,2025/06/13 09:46:23,190.11999999999534,"190,12",
Freio_prony_ESP32_wifi_modbus - torque2,2025/06/13 09:46:24,141.8839999999982,"141,88",
Freio_prony_ESP32_wifi_modbus - torque2,2025/06/13 09:46:25,190.11999999999534,"190,12",
Freio_prony_ESP32_wifi_modbus - torque2,2025/06/13 09:46:26,166.0020000000004,166,
Freio_prony_ESP32_wifi_modbus - torque2,2025/06/13 09:46:30,141.8839999999982,"141,88",
Freio_prony_ESP32_wifi_modbus - torque2,2025/06/13 09:46:31,262.4739999999947,"262,47",
Freio_prony_ESP32_wifi_modbus - torque2,2025/06/13 09:46:32,431.29999999999563,"431,3",
Freio_prony_ESP32_wifi_modbus - torque2,2025/06/13 09:46:33,141.8839999999982,"141,88",
Freio_prony_ESP32_wifi_modbus - torque2,2025/06/13 09:46:35,166.0020000000004,166,
Freio_prony_ESP32_wifi_modbus - torque2,2025/06/13 09:46:40,190.11999999999534,"190,12",
Freio_prony_ESP32_wifi_modbus - torque2,2025/06/13 09:46:41,166.0020000000004,166,
Freio_prony_ESP32_wifi_modbus - torque2,2025/06/13 09:46:43,141.8839999999982,"141,88",
Freio_prony_ESP32_wifi_modbus - torque2,2025/06/13 09:46:44,190.11999999999534,"190,12",
Freio_prony_ESP32_wifi_modbus - torque2,2025/06/13 09:46:45,166.0020000000004,166,
Freio_prony_ESP32_wifi_modbus - torque2,2025/06/13 09:46:48,141.8839999999982,"141,88",
Freio_prony_ESP32_wifi_modbus - torque2,2025/06/13 09:46:49,166.0020000000004,166,
Freio_prony_ESP32_wifi_modbus - torque2,2025/06/13 09:46:51,190.11999999999534,"190,12",
Freio_prony_ESP32_wifi_modbus - torque2,2025/06/13 09:46:52,141.8839999999982,"141,88",
Freio_prony_ESP32_wifi_modbus - torque2,2025/06/13 09:46:53,166.0020000000004,166,
Freio_prony_ESP32_wifi_modbus - torque2,2025/06/13 09:46:55,141.8839999999982,"141,88",
Freio_prony_ESP32_wifi_modbus - torque2,2025/06/13 09:46:56,166.0020000000004,166,
Freio_prony_ESP32_wifi_modbus - torque2,2025/06/13 09:46:58,190.11999999999534,"190,12",
Freio_prony_ESP32_wifi_modbus - torque2,2025/06/13 09:46:59,166.0020000000004,166,
Freio_prony_ESP32_wifi_modbus - torque2,2025/06/13 09:47:01,141.8839999999982,"141,88",
Freio_prony_ESP32_wifi_modbus - torque2,2025/06/13 09:47:02,166.0020000000004,166,
Freio_prony_ESP32_wifi_modbus - torque2,2025/06/13 09:47:03,141.8839999999982,"141,88",
Freio_prony_ESP32_wifi_modbus - torque2,2025/06/13 09:47:04,166.0020000000004,166,
Freio_prony_ESP32_wifi_modbus - torque2,2025/06/13 09:47:05,141.8839999999982,"141,88",
Freio_prony_ESP32_wifi_modbus - torque2,2025/06/13 09:47:09,166.0020000000004,166,
Freio_prony_ESP32_wifi_modbus - torque2,2025/06/13 09:47:11,141.8839999999982,"141,88",
Freio_prony_ESP32_wifi_modbus - torque2,2025/06/13 09:47:12,166.0020000000004,166,
Freio_prony_ESP32_wifi_modbus - torque2,2025/06/13 09:47:13,214.23799999999756,"214,24",
Freio_prony_ESP32_wifi_modbus - torque2,2025/06/13 09:47:14,190.11999999999534,"190,12",
Freio_prony_ESP32_wifi_modbus - torque2,2025/06/13 09:47:15,117.76599999999598,"117,77",
Freio_prony_ESP32_wifi_modbus - torque2,2025/06/13 09:47:16,141.8839999999982,"141,88",
Freio_prony_ESP32_wifi_modbus - torque2,2025/06/13 09:47:20,117.76599999999598,"117,77",
Freio_prony_ESP32_wifi_modbus - torque2,2025/06/13 09:47:21,166.0020000000004,166,
Freio_prony_ESP32_wifi_modbus - torque2,2025/06/13 09:47:22,141.8839999999982,"141,88",
Freio_prony_ESP32_wifi_modbus - torque2,2025/06/13 09:47:23,166.0020000000004,166,
Freio_prony_ESP32_wifi_modbus - torque2,2025/06/13 09:47:24,117.76599999999598,"117,77",
Freio_prony_ESP32_wifi_modbus - torque2,2025/06/13 09:47:25,166.0020000000004,166,
Freio_prony_ESP32_wifi_modbus - torque2,2025/06/13 09:47:29,117.76599999999598,"117,77",
Freio_prony_ESP32_wifi_modbus - torque2,2025/06/13 09:47:30,166.0020000000004,166,
Freio_prony_ESP32_wifi_modbus - torque2,2025/06/13 09:47:33,69.52999999999884,"69,53",
Freio_prony_ESP32_wifi_modbus - torque2,2025/06/13 09:47:34,166.0020000000004,166,
Freio_prony_ESP32_wifi_modbus - torque2,2025/06/13 09:47:38,117.76599999999598,"117,77",
Freio_prony_ESP32_wifi_modbus - torque2,2025/06/13 09:47:39,141.8839999999982,"141,88",
Freio_prony_ESP32_wifi_modbus - torque2,2025/06/13 09:47:40,166.0020000000004,166,
Freio_prony_ESP32_wifi_modbus - torque2,2025/06/13 09:47:42,141.8839999999982,"141,88",
Freio_prony_ESP32_wifi_modbus - torque2,2025/06/13 09:47:48,93.64799999999377,"93,65",
Freio_prony_ESP32_wifi_modbus - torque2,2025/06/13 09:47:49,166.0020000000004,166,
Freio_prony_ESP32_wifi_modbus - torque2,2025/06/13 09:47:50,141.8839999999982,"141,88",
Freio_prony_ESP32_wifi_modbus - torque2,2025/06/13 09:47:53,166.0020000000004,166,
Freio_prony_ESP32_wifi_modbus - torque2,2025/06/13 09:47:56,141.8839999999982,"141,88",
Freio_prony_ESP32_wifi_modbus - torque2,2025/06/13 09:47:58,214.23799999999756,"214,24",
Freio_prony_ESP32_wifi_modbus - torque2,2025/06/13 09:47:59,166.0020000000004,166,
Freio_prony_ESP32_wifi_modbus - torque2,2025/06/13 09:48:01,141.8839999999982,"141,88",
Freio_prony_ESP32_wifi_modbus - torque2,2025/06/13 09:48:05,93.64799999999377,"93,65",
Freio_prony_ESP32_wifi_modbus - torque2,2025/06/13 09:48:06,166.0020000000004,166,
Freio_prony_ESP32_wifi_modbus - torque2,2025/06/13 09:48:09,141.8839999999982,"141,88",
Freio_prony_ESP32_wifi_modbus - torque2,2025/06/13 09:48:10,93.64799999999377,"93,65",
Freio_prony_ESP32_wifi_modbus - torque2,2025/06/13 09:48:11,141.8839999999982,"141,88",
Freio_prony_ESP32_wifi_modbus - torque2,2025/06/13 09:48:12,117.76599999999598,"117,77",
Freio_prony_ESP32_wifi_modbus - torque2,2025/06/13 09:48:14,93.64799999999377,"93,65",
Freio_prony_ESP32_wifi_modbus - torque2,2025/06/13 09:48:15,141.8839999999982,"141,88",
Freio_prony_ESP32_wifi_modbus - torque2,2025/06/13 09:48:16,166.0020000000004,166,
Freio_prony_ESP32_wifi_modbus - torque2,2025/06/13 09:48:19,141.8839999999982,"141,88",
Freio_prony_ESP32_wifi_modbus - torque2,2025/06/13 09:48:21,166.0020000000004,166,
Freio_prony_ESP32_wifi_modbus - torque2,2025/06/13 09:48:23,141.8839999999982,"141,88",
Freio_prony_ESP32_wifi_modbus - torque2,2025/06/13 09:48:24,117.76599999999598,"117,77",
Freio_prony_ESP32_wifi_modbus - torque2,2025/06/13 09:48:25,166.0020000000004,166,
Freio_prony_ESP32_wifi_modbus - torque2,2025/06/13 09:48:29,93.64799999999377,"93,65",
Freio_prony_ESP32_wifi_modbus - torque2,2025/06/13 09:48:30,141.8839999999982,"141,88",
Freio_prony_ESP32_wifi_modbus - torque2,2025/06/13 09:48:32,166.0020000000004,166,
Freio_prony_ESP32_wifi_modbus - torque2,2025/06/13 09:48:33,141.8839999999982,"141,88",
Freio_prony_ESP32_wifi_modbus - torque2,2025/06/13 09:48:35,117.76599999999598,"117,77",
Freio_prony_ESP32_wifi_modbus - torque2,2025/06/13 09:48:36,141.8839999999982,"141,88",
Freio_prony_ESP32_wifi_modbus - torque2,2025/06/13 09:48:38,117.76599999999598,"117,77",
Freio_prony_ESP32_wifi_modbus - torque2,2025/06/13 09:48:39,141.8839999999982,"141,88",
Freio_prony_ESP32_wifi_modbus - torque2,2025/06/13 09:48:40,166.0020000000004,166,
Freio_prony_ESP32_wifi_modbus - torque2,2025/06/13 09:48:42,117.76599999999598,"117,77",
Freio_prony_ESP32_wifi_modbus - torque2,2025/06/13 09:48:43,141.8839999999982,"141,88",
Freio_prony_ESP32_wifi_modbus - torque2,2025/06/13 09:48:44,166.0020000000004,166,
Freio_prony_ESP32_wifi_modbus - torque2,2025/06/13 09:48:45,141.8839999999982,"141,88",
Freio_prony_ESP32_wifi_modbus - torque2,2025/06/13 09:48:46,117.76599999999598,"117,77",
Freio_prony_ESP32_wifi_modbus - torque2,2025/06/13 09:48:48,166.0020000000004,166,
Freio_prony_ESP32_wifi_modbus - torque2,2025/06/13 09:48:51,93.64799999999377,"93,65",
Freio_prony_ESP32_wifi_modbus - torque2,2025/06/13 09:48:52,166.0020000000004,166,
Freio_prony_ESP32_wifi_modbus - torque2,2025/06/13 09:48:53,141.8839999999982,"141,88",
Freio_prony_ESP32_wifi_modbus - torque2,2025/06/13 09:48:55,93.64799999999377,"93,65",
Freio_prony_ESP32_wifi_modbus - torque2,2025/06/13 09:48:56,141.8839999999982,"141,88",
Freio_prony_ESP32_wifi_modbus - torque2,2025/06/13 09:48:58,166.0020000000004,166,
Freio_prony_ESP32_wifi_modbus - torque2,2025/06/13 09:48:59,93.64799999999377,"93,65",
Freio_prony_ESP32_wifi_modbus - torque2,2025/06/13 09:49:00,141.8839999999982,"141,88",
Freio_prony_ESP32_wifi_modbus - torque2,2025/06/13 09:49:01,117.76599999999598,"117,77",
Freio_prony_ESP32_wifi_modbus - torque2,2025/06/13 09:49:02,141.8839999999982,"141,88",
Freio_prony_ESP32_wifi_modbus - torque2,2025/06/13 09:49:03,166.0020000000004,166,
Freio_prony_ESP32_wifi_modbus - torque2,2025/06/13 09:49:04,141.8839999999982,"141,88",
Freio_prony_ESP32_wifi_modbus - torque2,2025/06/13 09:49:05,117.76599999999598,"117,77",
Freio_prony_ESP32_wifi_modbus - torque2,2025/06/13 09:49:06,141.8839999999982,"141,88",
Freio_prony_ESP32_wifi_modbus - torque2,2025/06/13 09:49:08,166.0020000000004,166,
Freio_prony_ESP32_wifi_modbus - torque2,2025/06/13 09:49:09,117.76599999999598,"117,77",
Freio_prony_ESP32_wifi_modbus - torque2,2025/06/13 09:49:11,166.0020000000004,166,
Freio_prony_ESP32_wifi_modbus - torque2,2025/06/13 09:49:14,141.8839999999982,"141,88",
Freio_prony_ESP32_wifi_modbus - torque2,2025/06/13 09:49:18,117.76599999999598,"117,77",
Freio_prony_ESP32_wifi_modbus - torque2,2025/06/13 09:49:19,166.0020000000004,166,
Freio_prony_ESP32_wifi_modbus - torque2,2025/06/13 09:49:20,141.8839999999982,"141,88",
Freio_prony_ESP32_wifi_modbus - torque2,2025/06/13 09:49:22,166.0020000000004,166,
Freio_prony_ESP32_wifi_modbus - torque2,2025/06/13 09:49:23,117.76599999999598,"117,77",
Freio_prony_ESP32_wifi_modbus - torque2,2025/06/13 09:49:25,141.8839999999982,"141,88",
Freio_prony_ESP32_wifi_modbus - torque2,2025/06/13 09:49:26,166.0020000000004,166,
Freio_prony_ESP32_wifi_modbus - torque2,2025/06/13 09:49:28,117.76599999999598,"117,77",
Freio_prony_ESP32_wifi_modbus - torque2,2025/06/13 09:49:29,166.0020000000004,166,
Freio_prony_ESP32_wifi_modbus - torque2,2025/06/13 09:49:30,117.76599999999598,"117,77",
Freio_prony_ESP32_wifi_modbus - torque2,2025/06/13 09:49:31,166.0020000000004,166,
Freio_prony_ESP32_wifi_modbus - torque2,2025/06/13 09:49:32,141.8839999999982,"141,88",
Freio_prony_ESP32_wifi_modbus - torque2,2025/06/13 09:49:33,117.76599999999598,"117,77",
Freio_prony_ESP32_wifi_modbus - torque2,2025/06/13 09:49:34,141.8839999999982,"141,88",
Freio_prony_ESP32_wifi_modbus - torque2,2025/06/13 09:49:39,166.0020000000004,166,
Freio_prony_ESP32_wifi_modbus - torque2,2025/06/13 09:49:42,117.76599999999598,"117,77",
Freio_prony_ESP32_wifi_modbus - torque2,2025/06/13 09:49:43,190.11999999999534,"190,12",
Freio_prony_ESP32_wifi_modbus - torque2,2025/06/13 09:49:44,141.8839999999982,"141,88",
Freio_prony_ESP32_wifi_modbus - torque2,2025/06/13 09:49:45,166.0020000000004,166,
Freio_prony_ESP32_wifi_modbus - torque2,2025/06/13 09:49:46,117.76599999999598,"117,77",
Freio_prony_ESP32_wifi_modbus - torque2,2025/06/13 09:49:48,141.8839999999982,"141,88",
Freio_prony_ESP32_wifi_modbus - torque2,2025/06/13 09:49:51,93.64799999999377,"93,65",
Freio_prony_ESP32_wifi_modbus - torque2,2025/06/13 09:49:52,141.8839999999982,"141,88",
Freio_prony_ESP32_wifi_modbus - torque2,2025/06/13 09:49:55,117.76599999999598,"117,77",
Freio_prony_ESP32_wifi_modbus - torque2,2025/06/13 09:49:56,166.0020000000004,166,
Freio_prony_ESP32_wifi_modbus - torque2,2025/06/13 09:49:59,141.8839999999982,"141,88",
Freio_prony_ESP32_wifi_modbus - torque2,2025/06/13 09:50:00,117.76599999999598,"117,77",
Freio_prony_ESP32_wifi_modbus - torque2,2025/06/13 09:50:01,166.0020000000004,166,
Freio_prony_ESP32_wifi_modbus - torque2,2025/06/13 09:50:04,117.76599999999598,"117,77",
Freio_prony_ESP32_wifi_modbus - torque2,2025/06/13 09:50:05,166.0020000000004,166,
Freio_prony_ESP32_wifi_modbus - torque2,2025/06/13 09:50:09,141.8839999999982,"141,88",
Freio_prony_ESP32_wifi_modbus - torque2,2025/06/13 09:50:10,117.76599999999598,"117,77",
Freio_prony_ESP32_wifi_modbus - torque2,2025/06/13 09:50:11,141.8839999999982,"141,88",
Freio_prony_ESP32_wifi_modbus - torque2,2025/06/13 09:50:12,166.0020000000004,166,
Freio_prony_ESP32_wifi_modbus - torque2,2025/06/13 09:50:13,117.76599999999598,"117,77",
Freio_prony_ESP32_wifi_modbus - torque2,2025/06/13 09:50:15,166.0020000000004,166,
Freio_prony_ESP32_wifi_modbus - torque2,2025/06/13 09:50:16,141.8839999999982,"141,88",
Freio_prony_ESP32_wifi_modbus - torque2,2025/06/13 09:50:19,166.0020000000004,166,
Freio_prony_ESP32_wifi_modbus - torque2,2025/06/13 09:50:23,117.76599999999598,"117,77",
Freio_prony_ESP32_wifi_modbus - torque2,2025/06/13 09:50:24,166.0020000000004,166,
Freio_prony_ESP32_wifi_modbus - torque2,2025/06/13 09:50:25,141.8839999999982,"141,88",
Freio_prony_ESP32_wifi_modbus - torque2,2025/06/13 09:50:28,93.64799999999377,"93,65",
Freio_prony_ESP32_wifi_modbus - torque2,2025/06/13 09:50:29,166.0020000000004,166,
Freio_prony_ESP32_wifi_modbus - torque2,2025/06/13 09:50:32,117.76599999999598,"117,77",
Freio_prony_ESP32_wifi_modbus - torque2,2025/06/13 09:50:34,141.8839999999982,"141,88",
Freio_prony_ESP32_wifi_modbus - torque2,2025/06/13 09:50:36,117.76599999999598,"117,77",
Freio_prony_ESP32_wifi_modbus - torque2,2025/06/13 09:50:38,166.0020000000004,166,
Freio_prony_ESP32_wifi_modbus - torque2,2025/06/13 09:50:41,93.64799999999377,"93,65",
Freio_prony_ESP32_wifi_modbus - torque2,2025/06/13 09:50:42,166.0020000000004,166,
Freio_prony_ESP32_wifi_modbus - torque2,2025/06/13 09:50:43,141.8839999999982,"141,88",
Freio_prony_ESP32_wifi_modbus - torque2,2025/06/13 09:50:44,166.0020000000004,166,
Freio_prony_ESP32_wifi_modbus - torque2,2025/06/13 09:50:45,117.76599999999598,"117,77",
Freio_prony_ESP32_wifi_modbus - torque2,2025/06/13 09:50:48,141.8839999999982,"141,88",
Freio_prony_ESP32_wifi_modbus - torque2,2025/06/13 09:50:49,166.0020000000004,166,
Freio_prony_ESP32_wifi_modbus - torque2,2025/06/13 09:50:51,141.8839999999982,"141,88",
Freio_prony_ESP32_wifi_modbus - torque2,2025/06/13 09:50:52,166.0020000000004,166,
Freio_prony_ESP32_wifi_modbus - torque2,2025/06/13 09:50:53,141.8839999999982,"141,88",
Freio_prony_ESP32_wifi_modbus - torque2,2025/06/13 09:50:54,166.0020000000004,166,
Freio_prony_ESP32_wifi_modbus - torque2,2025/06/13 09:50:55,117.76599999999598,"117,77",
Freio_prony_ESP32_wifi_modbus - torque2,2025/06/13 09:50:56,166.0020000000004,166,
Freio_prony_ESP32_wifi_modbus - torque2,2025/06/13 09:50:58,141.8839999999982,"141,88",
Freio_prony_ESP32_wifi_modbus - torque2,2025/06/13 09:50:59,117.76599999999598,"117,77",
Freio_prony_ESP32_wifi_modbus - torque2,2025/06/13 09:51:00,69.52999999999884,"69,53",
Freio_prony_ESP32_wifi_modbus - torque2,2025/06/13 09:51:01,141.8839999999982,"141,88",
Freio_prony_ESP32_wifi_modbus - torque2,2025/06/13 09:51:02,166.0020000000004,166,
Freio_prony_ESP32_wifi_modbus - torque2,2025/06/13 09:51:03,141.8839999999982,"141,88",
Freio_prony_ESP32_wifi_modbus - torque2,2025/06/13 09:51:04,117.76599999999598,"117,77",
Freio_prony_ESP32_wifi_modbus - torque2,2025/06/13 09:51:05,166.0020000000004,166,
Freio_prony_ESP32_wifi_modbus - torque2,2025/06/13 09:51:06,141.8839999999982,"141,88",
Freio_prony_ESP32_wifi_modbus - torque2,2025/06/13 09:51:08,166.0020000000004,166,
Freio_prony_ESP32_wifi_modbus - torque2,2025/06/13 09:51:09,141.8839999999982,"141,88",
Freio_prony_ESP32_wifi_modbus - torque2,2025/06/13 09:51:10,166.0020000000004,166,
Freio_prony_ESP32_wifi_modbus - torque2,2025/06/13 09:51:11,117.76599999999598,"117,77",
Freio_prony_ESP32_wifi_modbus - torque2,2025/06/13 09:51:12,166.0020000000004,166,
Freio_prony_ESP32_wifi_modbus - torque2,2025/06/13 09:51:13,93.64799999999377,"93,65",
Freio_prony_ESP32_wifi_modbus - torque2,2025/06/13 09:51:14,141.8839999999982,"141,88",
Freio_prony_ESP32_wifi_modbus - torque2,2025/06/13 09:51:15,166.0020000000004,166,
Freio_prony_ESP32_wifi_modbus - torque2,2025/06/13 09:51:19,117.76599999999598,"117,77",
Freio_prony_ESP32_wifi_modbus - torque2,2025/06/13 09:51:20,93.64799999999377,"93,65",
Freio_prony_ESP32_wifi_modbus - torque2,2025/06/13 09:51:21,117.76599999999598,"117,77",
Freio_prony_ESP32_wifi_modbus - torque2,2025/06/13 09:51:22,93.64799999999377,"93,65",
Freio_prony_ESP32_wifi_modbus - torque2,2025/06/13 09:51:23,141.8839999999982,"141,88",
Freio_prony_ESP32_wifi_modbus - torque2,2025/06/13 09:51:24,166.0020000000004,166,
Freio_prony_ESP32_wifi_modbus - torque2,2025/06/13 09:51:25,117.76599999999598,"117,77",
Freio_prony_ESP32_wifi_modbus - torque2,2025/06/13 09:51:26,141.8839999999982,"141,88",
Freio_prony_ESP32_wifi_modbus - torque2,2025/06/13 09:51:29,166.0020000000004,166,
Freio_prony_ESP32_wifi_modbus - torque2,2025/06/13 09:51:32,93.64799999999377,"93,65",
Freio_prony_ESP32_wifi_modbus - torque2,2025/06/13 09:51:33,141.8839999999982,"141,88",
Freio_prony_ESP32_wifi_modbus - torque2,2025/06/13 09:51:34,166.0020000000004,166,
Freio_prony_ESP32_wifi_modbus - torque2,2025/06/13 09:51:36,117.76599999999598,"117,77",
Freio_prony_ESP32_wifi_modbus - torque2,2025/06/13 09:51:38,166.0020000000004,166,
Freio_prony_ESP32_wifi_modbus - torque2,2025/06/13 09:51:39,141.8839999999982,"141,88",
Freio_prony_ESP32_wifi_modbus - torque2,2025/06/13 09:51:40,166.0020000000004,166,
Freio_prony_ESP32_wifi_modbus - torque2,2025/06/13 09:51:41,69.52999999999884,"69,53",
Freio_prony_ESP32_wifi_modbus - torque2,2025/06/13 09:51:42,117.76599999999598,"117,77",
Freio_prony_ESP32_wifi_modbus - torque2,2025/06/13 09:51:43,141.8839999999982,"141,88",
Freio_prony_ESP32_wifi_modbus - torque2,2025/06/13 09:51:44,166.0020000000004,166,
Freio_prony_ESP32_wifi_modbus - torque2,2025/06/13 09:51:45,190.11999999999534,"190,12",
Freio_prony_ESP32_wifi_modbus - torque2,2025/06/13 09:51:46,166.0020000000004,166,
Freio_prony_ESP32_wifi_modbus - torque2,2025/06/13 09:51:48,141.8839999999982,"141,88",
Freio_prony_ESP32_wifi_modbus - torque2,2025/06/13 09:51:50,117.76599999999598,"117,77",
Freio_prony_ESP32_wifi_modbus - torque2,2025/06/13 09:51:51,141.8839999999982,"141,88",
Freio_prony_ESP32_wifi_modbus - torque2,2025/06/13 09:51:52,166.0020000000004,166,
Freio_prony_ESP32_wifi_modbus - torque2,2025/06/13 09:51:53,141.8839999999982,"141,88",
Freio_prony_ESP32_wifi_modbus - torque2,2025/06/13 09:51:54,93.64799999999377,"93,65",
Freio_prony_ESP32_wifi_modbus - torque2,2025/06/13 09:51:55,141.8839999999982,"141,88",
Freio_prony_ESP32_wifi_modbus - torque2,2025/06/13 09:51:56,166.0020000000004,166,
Freio_prony_ESP32_wifi_modbus - torque2,2025/06/13 09:51:59,93.64799999999377,"93,65",
Freio_prony_ESP32_wifi_modbus - torque2,2025/06/13 09:52:01,141.8839999999982,"141,88",
Freio_prony_ESP32_wifi_modbus - torque2,2025/06/13 09:52:02,166.0020000000004,166,
Freio_prony_ESP32_wifi_modbus - torque2,2025/06/13 09:52:03,141.8839999999982,"141,88",
Freio_prony_ESP32_wifi_modbus - torque2,2025/06/13 09:52:09,117.76599999999598,"117,77",
Freio_prony_ESP32_wifi_modbus - torque2,2025/06/13 09:52:10,141.8839999999982,"141,88",
Freio_prony_ESP32_wifi_modbus - torque2,2025/06/13 09:52:11,117.76599999999598,"117,77",
Freio_prony_ESP32_wifi_modbus - torque2,2025/06/13 09:52:12,141.8839999999982,"141,88",
Freio_prony_ESP32_wifi_modbus - torque2,2025/06/13 09:52:13,69.52999999999884,"69,53",
Freio_prony_ESP32_wifi_modbus - torque2,2025/06/13 09:52:14,141.8839999999982,"141,88",
Freio_prony_ESP32_wifi_modbus - torque2,2025/06/13 09:52:18,93.64799999999377,"93,65",
Freio_prony_ESP32_wifi_modbus - torque2,2025/06/13 09:52:19,117.76599999999598,"117,77",
Freio_prony_ESP32_wifi_modbus - torque2,2025/06/13 09:52:20,166.0020000000004,166,
Freio_prony_ESP32_wifi_modbus - torque2,2025/06/13 09:52:22,141.8839999999982,"141,88",
Freio_prony_ESP32_wifi_modbus - torque2,2025/06/13 09:52:23,2529.565999999999,"2529,57",
Freio_prony_ESP32_wifi_modbus - torque2,2025/06/13 09:52:24,3904.291999999994,"3904,29",
Freio_prony_ESP32_wifi_modbus - torque2,2025/06/13 09:52:25,1203.0759999999937,"1203,08",
Freio_prony_ESP32_wifi_modbus - torque2,2025/06/13 09:52:26,141.8839999999982,"141,88",
Freio_prony_ESP32_wifi_modbus - torque2,2025/06/13 09:52:28,166.0020000000004,166,
Freio_prony_ESP32_wifi_modbus - torque2,2025/06/13 09:52:31,117.76599999999598,"117,77",
Freio_prony_ESP32_wifi_modbus - torque2,2025/06/13 09:52:32,141.8839999999982,"141,88",
Freio_prony_ESP32_wifi_modbus - torque2,2025/06/13 09:52:33,117.76599999999598,"117,77",
Freio_prony_ESP32_wifi_modbus - torque2,2025/06/13 09:52:34,141.8839999999982,"141,88",
Freio_prony_ESP32_wifi_modbus - torque2,2025/06/13 09:52:35,117.76599999999598,"117,77",
Freio_prony_ESP32_wifi_modbus - torque2,2025/06/13 09:52:36,141.8839999999982,"141,88",
Freio_prony_ESP32_wifi_modbus - torque2,2025/06/13 09:52:39,166.0020000000004,166,
Freio_prony_ESP32_wifi_modbus - torque2,2025/06/13 09:52:40,117.76599999999598,"117,77",
Freio_prony_ESP32_wifi_modbus - torque2,2025/06/13 09:52:41,93.64799999999377,"93,65",
Freio_prony_ESP32_wifi_modbus - torque2,2025/06/13 09:52:42,117.76599999999598,"117,77",
Freio_prony_ESP32_wifi_modbus - torque2,2025/06/13 09:52:43,141.8839999999982,"141,88",
Freio_prony_ESP32_wifi_modbus - torque2,2025/06/13 09:52:45,117.76599999999598,"117,77",
Freio_prony_ESP32_wifi_modbus - torque2,2025/06/13 09:52:46,166.0020000000004,166,
Freio_prony_ESP32_wifi_modbus - torque2,2025/06/13 09:52:50,141.8839999999982,"141,88",
Freio_prony_ESP32_wifi_modbus - torque2,2025/06/13 09:52:51,166.0020000000004,166,
Freio_prony_ESP32_wifi_modbus - torque2,2025/06/13 09:52:52,117.76599999999598,"117,77",
Freio_prony_ESP32_wifi_modbus - torque2,2025/06/13 09:52:53,141.8839999999982,"141,88",
Freio_prony_ESP32_wifi_modbus - torque2,2025/06/13 09:52:54,93.64799999999377,"93,65",
Freio_prony_ESP32_wifi_modbus - torque2,2025/06/13 09:52:55,141.8839999999982,"141,88",
Freio_prony_ESP32_wifi_modbus - torque2,2025/06/13 09:52:58,166.0020000000004,166,
Freio_prony_ESP32_wifi_modbus - torque2,2025/06/13 09:52:59,93.64799999999377,"93,65",
Freio_prony_ESP32_wifi_modbus - torque2,2025/06/13 09:53:00,141.8839999999982,"141,88",
Freio_prony_ESP32_wifi_modbus - torque2,2025/06/13 09:53:03,117.76599999999598,"117,77",
Freio_prony_ESP32_wifi_modbus - torque2,2025/06/13 09:53:04,141.8839999999982,"141,88",
Freio_prony_ESP32_wifi_modbus - torque2,2025/06/13 09:53:05,166.0020000000004,166,
Freio_prony_ESP32_wifi_modbus - torque2,2025/06/13 09:53:08,117.76599999999598,"117,77",
Freio_prony_ESP32_wifi_modbus - torque2,2025/06/13 09:53:09,141.8839999999982,"141,88",
Freio_prony_ESP32_wifi_modbus - torque2,2025/06/13 09:53:11,166.0020000000004,166,
Freio_prony_ESP32_wifi_modbus - torque2,2025/06/13 09:53:12,141.8839999999982,"141,88",
Freio_prony_ESP32_wifi_modbus - torque2,2025/06/13 09:53:13,117.76599999999598,"117,77",
Freio_prony_ESP32_wifi_modbus - torque2,2025/06/13 09:53:14,141.8839999999982,"141,88",
Freio_prony_ESP32_wifi_modbus - torque2,2025/06/13 09:53:15,166.0020000000004,166,
Freio_prony_ESP32_wifi_modbus - torque2,2025/06/13 09:53:16,93.64799999999377,"93,65",
Freio_prony_ESP32_wifi_modbus - torque2,2025/06/13 09:53:18,117.76599999999598,"117,77",
Freio_prony_ESP32_wifi_modbus - torque2,2025/06/13 09:53:19,141.8839999999982,"141,88",
Freio_prony_ESP32_wifi_modbus - torque2,2025/06/13 09:53:20,166.0020000000004,166,
Freio_prony_ESP32_wifi_modbus - torque2,2025/06/13 09:53:22,117.76599999999598,"117,77",
Freio_prony_ESP32_wifi_modbus - torque2,2025/06/13 09:53:23,190.11999999999534,"190,12",
Freio_prony_ESP32_wifi_modbus - torque2,2025/06/13 09:53:24,166.0020000000004,166,
Freio_prony_ESP32_wifi_modbus - torque2,2025/06/13 09:53:28,141.8839999999982,"141,88",
Freio_prony_ESP32_wifi_modbus - torque2,2025/06/13 09:53:29,166.0020000000004,166,
Freio_prony_ESP32_wifi_modbus - torque2,2025/06/13 09:53:30,117.76599999999598,"117,77",
Freio_prony_ESP32_wifi_modbus - torque2,2025/06/13 09:53:31,45.411999999996624,"45,41",
Freio_prony_ESP32_wifi_modbus - torque2,2025/06/13 09:53:32,166.0020000000004,166,
Freio_prony_ESP32_wifi_modbus - torque2,2025/06/13 09:53:34,141.8839999999982,"141,88",
Freio_prony_ESP32_wifi_modbus - torque2,2025/06/13 09:53:35,117.76599999999598,"117,77",
Freio_prony_ESP32_wifi_modbus - torque2,2025/06/13 09:53:36,141.8839999999982,"141,88",
Freio_prony_ESP32_wifi_modbus - torque2,2025/06/13 09:53:40,93.64799999999377,"93,65",
Freio_prony_ESP32_wifi_modbus - torque2,2025/06/13 09:53:41,166.0020000000004,166,
Freio_prony_ESP32_wifi_modbus - torque2,2025/06/13 09:53:42,117.76599999999598,"117,77",
Freio_prony_ESP32_wifi_modbus - torque2,2025/06/13 09:53:45,166.0020000000004,166,
Freio_prony_ESP32_wifi_modbus - torque2,2025/06/13 09:53:49,117.76599999999598,"117,77",
Freio_prony_ESP32_wifi_modbus - torque2,2025/06/13 09:53:50,166.0020000000004,166,
Freio_prony_ESP32_wifi_modbus - torque2,2025/06/13 09:53:52,141.8839999999982,"141,88",
Freio_prony_ESP32_wifi_modbus - torque2,2025/06/13 09:53:53,93.64799999999377,"93,65",
Freio_prony_ESP32_wifi_modbus - torque2,2025/06/13 09:53:54,117.76599999999598,"117,77",
Freio_prony_ESP32_wifi_modbus - torque2,2025/06/13 09:53:56,141.8839999999982,"141,88",
Freio_prony_ESP32_wifi_modbus - torque2,2025/06/13 09:53:58,93.64799999999377,"93,65",
Freio_prony_ESP32_wifi_modbus - torque2,2025/06/13 09:53:59,45.411999999996624,"45,41",
Freio_prony_ESP32_wifi_modbus - torque2,2025/06/13 09:54:00,117.76599999999598,"117,77",
Freio_prony_ESP32_wifi_modbus - torque2,2025/06/13 09:54:01,141.8839999999982,"141,88",
Freio_prony_ESP32_wifi_modbus - torque2,2025/06/13 09:54:03,117.76599999999598,"117,77",
Freio_prony_ESP32_wifi_modbus - torque2,2025/06/13 09:54:04,141.8839999999982,"141,88",
Freio_prony_ESP32_wifi_modbus - torque2,2025/06/13 09:54:08,117.76599999999598,"117,77",
Freio_prony_ESP32_wifi_modbus - torque2,2025/06/13 09:54:09,166.0020000000004,166,
Freio_prony_ESP32_wifi_modbus - torque2,2025/06/13 09:54:10,141.8839999999982,"141,88",
Freio_prony_ESP32_wifi_modbus - torque2,2025/06/13 09:54:13,166.0020000000004,166,
Freio_prony_ESP32_wifi_modbus - torque2,2025/06/13 09:54:15,117.76599999999598,"117,77",
Freio_prony_ESP32_wifi_modbus - torque2,2025/06/13 09:54:16,93.64799999999377,"93,65",
Freio_prony_ESP32_wifi_modbus - torque2,2025/06/13 09:54:18,117.76599999999598,"117,77",
Freio_prony_ESP32_wifi_modbus - torque2,2025/06/13 09:54:19,141.8839999999982,"141,88",
Freio_prony_ESP32_wifi_modbus - torque2,2025/06/13 09:54:21,117.76599999999598,"117,77",
Freio_prony_ESP32_wifi_modbus - torque2,2025/06/13 09:54:22,141.8839999999982,"141,88",
Freio_prony_ESP32_wifi_modbus - torque2,2025/06/13 09:54:25,117.76599999999598,"117,77",
Freio_prony_ESP32_wifi_modbus - torque2,2025/06/13 09:54:28,141.8839999999982,"141,88",
Freio_prony_ESP32_wifi_modbus - torque2,2025/06/13 09:54:29,166.0020000000004,166,
Freio_prony_ESP32_wifi_modbus - torque2,2025/06/13 09:54:30,141.8839999999982,"141,88",
Freio_prony_ESP32_wifi_modbus - torque2,2025/06/13 09:54:31,117.76599999999598,"117,77",
Freio_prony_ESP32_wifi_modbus - torque2,2025/06/13 09:54:32,141.8839999999982,"141,88",
Freio_prony_ESP32_wifi_modbus - torque2,2025/06/13 09:54:33,117.76599999999598,"117,77",
Freio_prony_ESP32_wifi_modbus - torque2,2025/06/13 09:54:35,141.8839999999982,"141,88",
Freio_prony_ESP32_wifi_modbus - torque2,2025/06/13 09:54:38,93.64799999999377,"93,65",
Freio_prony_ESP32_wifi_modbus - torque2,2025/06/13 09:54:39,117.76599999999598,"117,77",
Freio_prony_ESP32_wifi_modbus - torque2,2025/06/13 09:54:40,93.64799999999377,"93,65",
Freio_prony_ESP32_wifi_modbus - torque2,2025/06/13 09:54:41,117.76599999999598,"117,77",
Freio_prony_ESP32_wifi_modbus - torque2,2025/06/13 09:54:42,141.8839999999982,"141,88",
Freio_prony_ESP32_wifi_modbus - torque2,2025/06/13 09:54:44,117.76599999999598,"117,77",
Freio_prony_ESP32_wifi_modbus - torque2,2025/06/13 09:54:45,166.0020000000004,166,
Freio_prony_ESP32_wifi_modbus - torque2,2025/06/13 09:54:46,93.64799999999377,"93,65",
Freio_prony_ESP32_wifi_modbus - torque2,2025/06/13 09:54:48,117.76599999999598,"117,77",
Freio_prony_ESP32_wifi_modbus - torque2,2025/06/13 09:54:49,45.411999999996624,"45,41",
Freio_prony_ESP32_wifi_modbus - torque2,2025/06/13 09:54:50,141.8839999999982,"141,88",
Freio_prony_ESP32_wifi_modbus - torque2,2025/06/13 09:54:51,166.0020000000004,166,
Freio_prony_ESP32_wifi_modbus - torque2,2025/06/13 09:54:52,141.8839999999982,"141,88",
Freio_prony_ESP32_wifi_modbus - torque2,2025/06/13 09:54:54,190.11999999999534,"190,12",
Freio_prony_ESP32_wifi_modbus - torque2,2025/06/13 09:54:56,286.5919999999969,"286,59",
Freio_prony_ESP32_wifi_modbus - torque2,2025/06/13 09:54:58,262.4739999999947,"262,47",
Freio_prony_ESP32_wifi_modbus - torque2,2025/06/13 09:54:59,479.53600000000006,"479,54",
Freio_prony_ESP32_wifi_modbus - torque2,2025/06/13 09:55:00,648.3619999999937,"648,36",
Freio_prony_ESP32_wifi_modbus - torque2,2025/06/13 09:55:01,696.5979999999981,"696,6",
Freio_prony_ESP32_wifi_modbus - torque2,2025/06/13 09:55:02,744.8339999999953,"744,83",
Freio_prony_ESP32_wifi_modbus - torque2,2025/06/13 09:55:03,865.4239999999991,"865,42",
Freio_prony_ESP32_wifi_modbus - torque2,2025/06/13 09:55:04,913.6599999999962,"913,66",
Freio_prony_ESP32_wifi_modbus - torque2,2025/06/13 09:55:05,1010.1319999999978,"1010,13",
Freio_prony_ESP32_wifi_modbus - torque2,2025/06/13 09:55:06,1106.6039999999994,"1106,6",
Freio_prony_ESP32_wifi_modbus - torque2,2025/06/13 09:55:09,1203.0759999999937,"1203,08",
Freio_prony_ESP32_wifi_modbus - torque2,2025/06/13 09:55:10,1299.5479999999952,"1299,55",
Freio_prony_ESP32_wifi_modbus - torque2,2025/06/13 09:55:11,1396.0199999999968,"1396,02",
Freio_prony_ESP32_wifi_modbus - torque2,2025/06/13 09:55:12,1444.255999999994,"1444,26",
Freio_prony_ESP32_wifi_modbus - torque2,2025/06/13 09:55:13,1588.964,"1588,96",
Freio_prony_ESP32_wifi_modbus - torque2,2025/06/13 09:55:15,1540.7279999999955,"1540,73",
Freio_prony_ESP32_wifi_modbus - torque2,2025/06/13 09:55:16,1564.8459999999977,"1564,85",
Freio_prony_ESP32_wifi_modbus - torque2,2025/06/13 09:55:18,1637.199999999997,"1637,2",
Freio_prony_ESP32_wifi_modbus - torque2,2025/06/13 09:55:19,1733.6719999999987,"1733,67",
Freio_prony_ESP32_wifi_modbus - torque2,2025/06/13 09:55:20,1926.6159999999945,"1926,62",
Freio_prony_ESP32_wifi_modbus - torque2,2025/06/13 09:55:21,1998.969999999994,"1998,97",
Freio_prony_ESP32_wifi_modbus - torque2,2025/06/13 09:55:22,2023.087999999996,"2023,09",
Freio_prony_ESP32_wifi_modbus - torque2,2025/06/13 09:55:23,889.541999999994,"889,54",
Freio_prony_ESP32_wifi_modbus - torque2,2025/06/13 09:55:24,166.0020000000004,166,
Freio_prony_ESP32_wifi_modbus - torque2,2025/06/13 09:55:25,141.8839999999982,"141,88",
Freio_prony_ESP32_wifi_modbus - torque2,2025/06/13 09:55:26,166.0020000000004,166,
Freio_prony_ESP32_wifi_modbus - torque2,2025/06/13 09:55:28,117.76599999999598,"117,77",
Freio_prony_ESP32_wifi_modbus - torque2,2025/06/13 09:55:29,141.8839999999982,"141,88",
Freio_prony_ESP32_wifi_modbus - torque2,2025/06/13 09:55:31,166.0020000000004,166,
Freio_prony_ESP32_wifi_modbus - torque2,2025/06/13 09:55:32,190.11999999999534,"190,12",
Freio_prony_ESP32_wifi_modbus - torque2,2025/06/13 09:55:33,166.0020000000004,166,
Freio_prony_ESP32_wifi_modbus - torque2,2025/06/13 09:55:34,93.64799999999377,"93,65",
Freio_prony_ESP32_wifi_modbus - torque2,2025/06/13 09:55:35,190.11999999999534,"190,12",
Freio_prony_ESP32_wifi_modbus - torque2,2025/06/13 09:55:36,141.8839999999982,"141,88",
Freio_prony_ESP32_wifi_modbus - torque2,2025/06/13 09:55:38,166.0020000000004,166,
Freio_prony_ESP32_wifi_modbus - torque2,2025/06/13 09:55:39,69.52999999999884,"69,53",
Freio_prony_ESP32_wifi_modbus - torque2,2025/06/13 09:55:40,141.8839999999982,"141,88",
Freio_prony_ESP32_wifi_modbus - torque2,2025/06/13 09:55:44,117.76599999999598,"117,77",
Freio_prony_ESP32_wifi_modbus - torque2,2025/06/13 09:55:45,141.8839999999982,"141,88",
Freio_prony_ESP32_wifi_modbus - torque2,2025/06/13 09:55:49,117.76599999999598,"117,77",
Freio_prony_ESP32_wifi_modbus - torque2,2025/06/13 09:55:50,141.8839999999982,"141,88",
Freio_prony_ESP32_wifi_modbus - torque2,2025/06/13 09:55:51,166.0020000000004,166,
Freio_prony_ESP32_wifi_modbus - torque2,2025/06/13 09:55:52,93.64799999999377,"93,65",
Freio_prony_ESP32_wifi_modbus - torque2,2025/06/13 09:55:53,69.52999999999884,"69,53",
Freio_prony_ESP32_wifi_modbus - torque2,2025/06/13 09:55:54,117.76599999999598,"117,77",
Freio_prony_ESP32_wifi_modbus - torque2,2025/06/13 09:55:55,141.8839999999982,"141,88",
Freio_prony_ESP32_wifi_modbus - torque2,2025/06/13 09:55:58,93.64799999999377,"93,65",
Freio_prony_ESP32_wifi_modbus - torque2,2025/06/13 09:55:59,141.8839999999982,"141,88",
